ID Кампании,Начальная дата,Конечная дата,Тип кампании,Платформа,Бюджет,Город,Показы,Клики,Конверсия,Доход
1,2022-01-01,2022-11-30,Контекстная,Telegram,35693,Казань,3217.0,507.0,188,44205
2,2022-01-01,2022-08-27,Поисковая оптимизация,Вконтакте,1986,Москва,1362.0,305.0,95,9964
3,2022-01-02,2022-03-11,Баннерная,Instagram,2020,Екатеринбург,2420.0,541.0,87,14792
4,2022-01-02,2022-06-20,Видеореклама,Google,18684,Москва,728.0,406.0,73,13824
8,2022-01-04,2022-12-06,Поисковая оптимизация,Вконтакте,47936,Екатеринбург,356.0,129.0,31,3908
9,2022-01-04,2022-12-27,Баннерная,Яндекс,17588,Нижний Новгород,938.0,433.0,129,26452
10,2022-01-04,2022-09-15,Поисковая оптимизация,Instagram,29525,Нижний Новгород,3606.0,1450.0,154,35775
11,2022-01-04,2022-10-22,Соцсети,Вконтакте,21730,Санкт-Петербург,263.0,38.0,8,607
12,2022-01-04,2022-01-27,Баннерная,Яндекс,25121,Нижний Новгород,5015.0,965.0,190,40895
13,2022-01-05,2022-01-17,Нативная интеграция,Вконтакте,35207,Санкт-Петербург,1286.0,787.0,164,25928
14,2022-01-05,2022-01-17,Контекстная,Вконтакте,17697,Москва,16044.0,1701.0,173,40011
15,2022-01-05,2022-07-05,Соцсети,Google,30703,Екатеринбург,3051.0,541.0,106,16513
16,2022-01-05,2022-07-09,Нативная интеграция,Google,18215,Екатеринбург,1904.0,749.0,80,8181
17,2022-01-06,2022-05-04,Баннерная,Telegram,3978,Краснодар,4538.0,672.0,97,9353
18,2022-01-07,2022-03-29,Соцсети,Яндекс,12603,Москва,358.0,75.0,70,17566
19,2022-01-07,2022-07-04,Баннерная,Instagram,20792,Краснодар,4068.0,424.0,136,24765
20,2022-01-07,2022-09-08,Соцсети,Telegram,24102,Москва,5825.0,709.0,139,13132
21,2022-01-07,2022-04-15,Нативная интеграция,Instagram,31462,Москва,73.0,48.0,23,5626
22,2022-01-08,2022-06-02,Поисковая оптимизация,Instagram,8304,Москва,634.0,381.0,182,10285
23,2022-01-09,2022-07-18,Видеореклама,Instagram,22339,Краснодар,218.0,30.0,22,1306
24,2022-01-09,2022-03-21,Поисковая оптимизация,Google,23700,Калуга,2194.0,344.0,137,26814
25,2022-01-09,2022-06-19,Баннерная,Вконтакте,39151,Краснодар,1727.0,306.0,39,6859
26,2022-01-10,2022-11-21,Видеореклама,Telegram,3485,Екатеринбург,7133.0,1006.0,167,12342
29,2022-01-10,2022-08-20,Нативная интеграция,Telegram,28916,Санкт-Петербург,9453.0,1216.0,127,6695
31,2022-01-11,2022-08-22,Поисковая оптимизация,Яндекс,24981,Санкт-Петербург,2265.0,741.0,113,13005
32,2022-01-11,2022-09-06,Поисковая оптимизация,Telegram,24922,Калуга,4094.0,630.0,193,15840
33,2022-01-11,2022-10-17,Нативная интеграция,Google,5292,Новосибирск,710.0,225.0,62,14270
34,2022-01-11,2022-08-25,Поисковая оптимизация,Яндекс,25119,Санкт-Петербург,1691.0,330.0,100,10781
35,2022-01-12,2022-12-09,Соцсети,Instagram,48534,Нижний Новгород,1387.0,410.0,44,7078
36,2022-01-13,2022-07-21,Баннерная,Вконтакте,26790,Калуга,2408.0,342.0,36,2106
37,2022-01-13,2022-08-27,Нативная интеграция,Яндекс,10537,Казань,1534.0,517.0,59,14379
38,2022-01-13,2022-01-13,Соцсети,Яндекс,4563,Калуга,8887.0,941.0,123,6545
40,2022-01-14,2022-11-04,Контекстная,Google,2561,Екатеринбург,715.0,495.0,93,13963
41,2022-01-14,2022-08-23,Баннерная,Instagram,45861,Новосибирск,1480.0,237.0,57,7985
42,2022-01-14,2022-10-30,Видеореклама,Telegram,31728,Москва,3729.0,481.0,72,11539
43,2022-01-15,2022-03-20,Соцсети,Instagram,5181,Новосибирск,2618.0,628.0,197,11015
44,2022-01-15,2022-09-07,Видеореклама,Instagram,43262,Краснодар,1560.0,207.0,75,6125
45,2022-01-15,2022-08-31,Видеореклама,Instagram,47854,Калуга,5216.0,543.0,118,15292
47,2022-01-16,2022-10-14,Видеореклама,Яндекс,41601,Краснодар,572.0,95.0,42,5126
48,2022-01-16,2022-08-04,Соцсети,Instagram,36103,Казань,1916.0,419.0,149,19941
49,2022-01-16,2022-06-24,Нативная интеграция,Instagram,1168,Нижний Новгород,1261.0,467.0,139,27866
50,2022-01-16,2022-04-08,Нативная интеграция,Яндекс,8373,Екатеринбург,3230.0,325.0,35,7628
52,2022-01-16,2022-10-20,Баннерная,Яндекс,25323,Новосибирск,1767.0,996.0,177,31141
53,2022-01-16,2022-02-04,Нативная интеграция,Вконтакте,27516,Казань,393.0,373.0,38,3240
54,2022-01-17,2022-06-29,Соцсети,Instagram,4128,Нижний Новгород,5418.0,578.0,70,5480
55,2022-01-17,2022-07-21,Видеореклама,Яндекс,35327,Екатеринбург,2616.0,510.0,105,12777
56,2022-01-17,2022-10-26,Поисковая оптимизация,Google,26701,Краснодар,357.0,124.0,20,4923
57,2022-01-17,2022-01-22,Поисковая оптимизация,Instagram,33551,Казань,567.0,70.0,12,1789
58,2022-01-17,2022-03-22,Баннерная,Вконтакте,30482,Санкт-Петербург,4391.0,482.0,52,7911
59,2022-01-18,2022-04-26,Соцсети,Instagram,26760,Казань,210.0,202.0,133,10151
60,2022-01-19,2022-05-12,Видеореклама,Яндекс,20756,Санкт-Петербург,1137.0,827.0,84,12081
61,2022-01-19,2022-06-12,Поисковая оптимизация,Instagram,19940,Санкт-Петербург,4086.0,422.0,158,10182
62,2022-01-20,2022-01-31,Видеореклама,Telegram,49186,Казань,439.0,68.0,51,3821
63,2022-01-20,2022-07-08,Баннерная,Вконтакте,30638,Новосибирск,2463.0,763.0,189,36062
64,2022-01-20,2022-06-19,Нативная интеграция,Telegram,32290,Калуга,450.0,208.0,74,4167
65,2022-01-21,2022-11-09,Поисковая оптимизация,Instagram,20398,Нижний Новгород,1166.0,752.0,142,18969
67,2022-01-21,2022-07-26,Контекстная,Вконтакте,21933,Москва,2352.0,827.0,116,19673
68,2022-01-22,2022-10-09,Видеореклама,Google,8346,Калуга,2257.0,258.0,26,2200
69,2022-01-22,2022-02-18,Баннерная,Google,37340,Краснодар,3554.0,1237.0,192,36270
70,2022-01-22,2022-11-27,Баннерная,Яндекс,33554,Нижний Новгород,1195.0,200.0,23,5184
71,2022-01-22,2022-07-05,Нативная интеграция,Telegram,36714,Казань,1736.0,181.0,20,2972
72,2022-01-22,2022-09-05,Контекстная,Instagram,13188,Екатеринбург,866.0,136.0,26,5767
73,2022-01-23,2022-12-07,Поисковая оптимизация,Instagram,49744,Калуга,359.0,102.0,56,9954
75,2022-01-23,2022-02-04,Видеореклама,Instagram,1108,Новосибирск,702.0,70.0,21,4061
76,2022-01-23,2022-06-01,Баннерная,Instagram,37411,Нижний Новгород,7890.0,1061.0,129,7557
77,2022-01-24,2022-05-01,Контекстная,Telegram,22805,Калуга,991.0,124.0,117,18145
78,2022-01-24,2022-12-14,Нативная интеграция,Вконтакте,27731,Калуга,576.0,81.0,58,6132
80,2022-01-24,2022-05-31,Видеореклама,Telegram,12994,Москва,623.0,155.0,46,7898
82,2022-01-25,2022-03-10,Нативная интеграция,Instagram,44655,Казань,309.0,108.0,15,2896
83,2022-01-25,2022-04-04,Нативная интеграция,Вконтакте,35252,Краснодар,2303.0,325.0,119,20720
84,2022-01-25,2022-06-17,Контекстная,Google,45636,Екатеринбург,4434.0,887.0,167,36259
86,2022-01-26,2022-11-23,Контекстная,Google,45492,Новосибирск,2958.0,735.0,140,7978
87,2022-01-26,2022-08-04,Поисковая оптимизация,Google,45410,Екатеринбург,4389.0,784.0,109,10844
88,2022-01-27,2022-05-23,Видеореклама,Вконтакте,48055,Калуга,6532.0,798.0,91,20314
89,2022-01-27,2022-10-04,Поисковая оптимизация,Вконтакте,25976,Казань,3365.0,1024.0,121,22260
90,2022-01-27,2022-05-16,Видеореклама,Вконтакте,37197,Новосибирск,2334.0,286.0,104,22137
91,2022-01-28,2022-05-27,Поисковая оптимизация,Google,10249,Краснодар,7021.0,1484.0,151,34245
92,2022-01-29,2022-05-30,Нативная интеграция,Яндекс,8218,Краснодар,486.0,344.0,130,16211
93,2022-01-30,2022-08-30,Видеореклама,Instagram,5712,Казань,1079.0,218.0,44,3452
94,2022-01-30,2022-04-26,Соцсети,Яндекс,39028,Екатеринбург,2869.0,322.0,37,8912
97,2022-01-30,2022-02-11,Баннерная,Instagram,43502,Нижний Новгород,6231.0,674.0,109,26931
98,2022-01-31,2022-10-20,Видеореклама,Instagram,4553,Екатеринбург,753.0,673.0,182,11338
99,2022-01-31,2022-09-29,Баннерная,Вконтакте,31793,Казань,892.0,455.0,83,14608
100,2022-01-31,2022-11-07,Баннерная,Telegram,19991,Краснодар,7891.0,894.0,182,10108
101,2022-01-31,2022-10-22,Соцсети,Вконтакте,41868,Калуга,7746.0,1227.0,189,39121
102,2022-02-01,2022-12-25,Баннерная,Вконтакте,39079,Москва,3791.0,432.0,152,22487
103,2022-02-02,2022-12-05,Нативная интеграция,Instagram,19830,Екатеринбург,2578.0,572.0,151,31784
104,2022-02-02,2022-08-04,Контекстная,Instagram,13055,Казань,2281.0,266.0,48,7154
105,2022-02-03,2022-10-02,Соцсети,Telegram,36617,Калуга,602.0,147.0,26,2225
106,2022-02-03,2022-06-05,Поисковая оптимизация,Instagram,32504,Краснодар,1358.0,149.0,19,1808
107,2022-02-03,2022-04-14,Соцсети,Google,10331,Екатеринбург,1924.0,215.0,23,1857
108,2022-02-03,2022-11-11,Баннерная,Instagram,30554,Санкт-Петербург,2865.0,477.0,159,32175
110,2022-02-03,2022-09-30,Баннерная,Instagram,42743,Санкт-Петербург,325.0,225.0,32,1974
111,2022-02-03,2022-12-06,Поисковая оптимизация,Google,35905,Новосибирск,1089.0,227.0,118,8994
112,2022-02-04,2022-09-28,Поисковая оптимизация,Вконтакте,25291,Санкт-Петербург,398.0,85.0,79,8374
114,2022-02-04,2022-09-19,Баннерная,Яндекс,2954,Екатеринбург,362.0,82.0,53,10268
115,2022-02-05,2022-02-16,Нативная интеграция,Вконтакте,40592,Екатеринбург,977.0,693.0,99,7411
116,2022-02-05,2022-09-13,Нативная интеграция,Instagram,28722,Санкт-Петербург,884.0,129.0,64,12662
117,2022-02-06,2022-10-25,Баннерная,Instagram,2323,Москва,4806.0,711.0,116,26812
118,2022-02-06,2022-12-11,Контекстная,Instagram,31325,Нижний Новгород,1220.0,392.0,182,42476
119,2022-02-07,2022-08-20,Нативная интеграция,Яндекс,33346,Калуга,1570.0,305.0,90,8827
121,2022-02-07,2022-02-19,Контекстная,Google,31321,Калуга,8840.0,958.0,123,17427
122,2022-02-07,2022-10-04,Нативная интеграция,Google,5916,Нижний Новгород,2755.0,520.0,57,4195
124,2022-02-08,2022-04-07,Нативная интеграция,Google,11204,Казань,5050.0,742.0,189,28007
125,2022-02-08,2022-07-01,Поисковая оптимизация,Яндекс,27732,Санкт-Петербург,9749.0,1846.0,193,12702
126,2022-02-08,2022-06-10,Баннерная,Яндекс,35525,Калуга,2737.0,1198.0,154,30568
127,2022-02-08,2022-10-20,Контекстная,Instagram,10893,Краснодар,6887.0,760.0,118,22479
129,2022-02-09,2022-12-04,Соцсети,Вконтакте,8634,Санкт-Петербург,4462.0,603.0,77,4067
131,2022-02-10,2022-10-02,Контекстная,Вконтакте,4378,Нижний Новгород,911.0,242.0,92,19654
132,2022-02-10,2022-08-07,Видеореклама,Яндекс,44635,Казань,1980.0,328.0,101,15346
133,2022-02-10,2022-06-09,Нативная интеграция,Instagram,21266,Новосибирск,5997.0,813.0,111,19433
134,2022-02-10,2022-05-03,Контекстная,Яндекс,41871,Екатеринбург,184.0,123.0,86,10356
135,2022-02-11,2022-04-02,Контекстная,Instagram,21668,Краснодар,5140.0,645.0,115,26584
136,2022-02-12,2022-09-28,Баннерная,Telegram,47044,Краснодар,2507.0,299.0,39,5956
137,2022-02-12,2022-04-03,Поисковая оптимизация,Telegram,6712,Казань,558.0,215.0,162,8154
138,2022-02-12,2022-08-19,Соцсети,Вконтакте,35910,Краснодар,1959.0,412.0,57,12448
139,2022-02-14,2022-08-09,Баннерная,Google,13855,Москва,3131.0,430.0,176,18324
140,2022-02-14,2022-09-21,Баннерная,Telegram,23487,Екатеринбург,2218.0,426.0,126,30236
141,2022-02-14,2022-11-02,Видеореклама,Google,32976,Нижний Новгород,8558.0,1346.0,176,39240
142,2022-02-14,2022-04-02,Соцсети,Вконтакте,25139,Санкт-Петербург,4977.0,607.0,112,23581
143,2022-02-15,2022-09-25,Нативная интеграция,Google,38714,Санкт-Петербург,1447.0,145.0,29,7309
144,2022-02-15,2022-11-15,Нативная интеграция,Вконтакте,44187,Казань,8427.0,1533.0,193,35737
145,2022-02-15,2022-07-11,Соцсети,Instagram,3327,Калуга,4003.0,770.0,183,34299
146,2022-02-15,2022-12-20,Нативная интеграция,Яндекс,30036,Нижний Новгород,306.0,268.0,83,17429
147,2022-02-15,2022-09-02,Нативная интеграция,Google,3460,Новосибирск,2811.0,1127.0,175,21372
148,2022-02-15,2022-12-08,Баннерная,Instagram,26607,Нижний Новгород,5537.0,575.0,66,13016
151,2022-02-16,2022-10-07,Поисковая оптимизация,Instagram,14966,Краснодар,1438.0,421.0,189,18932
152,2022-02-16,2022-09-07,Поисковая оптимизация,Вконтакте,18119,Екатеринбург,1334.0,1127.0,146,9100
154,2022-02-17,2022-08-25,Баннерная,Google,10884,Калуга,1823.0,239.0,87,17270
155,2022-02-17,2022-09-04,Видеореклама,Telegram,41062,Калуга,2373.0,605.0,132,32823
157,2022-02-17,2022-05-02,Соцсети,Вконтакте,42621,Санкт-Петербург,2701.0,1210.0,186,10948
158,2022-02-17,2022-07-23,Поисковая оптимизация,Яндекс,14092,Казань,8763.0,951.0,150,23450
159,2022-02-18,2022-11-27,Соцсети,Вконтакте,14377,Нижний Новгород,369.0,119.0,60,3946
160,2022-02-18,2022-03-24,Соцсети,Telegram,39760,Екатеринбург,954.0,796.0,97,15918
161,2022-02-19,2022-05-31,Видеореклама,Вконтакте,43807,Калуга,3741.0,652.0,143,28152
163,2022-02-20,2022-05-17,Соцсети,Яндекс,35370,Краснодар,125.0,38.0,9,2366
164,2022-02-20,2022-12-13,Соцсети,Telegram,49825,Санкт-Петербург,2240.0,336.0,132,21463
166,2022-02-21,2022-12-12,Нативная интеграция,Google,47424,Краснодар,7181.0,741.0,172,15965
167,2022-02-21,2022-10-30,Поисковая оптимизация,Яндекс,12950,Калуга,7024.0,1026.0,109,13469
168,2022-02-21,2022-09-30,Баннерная,Google,18672,Санкт-Петербург,5611.0,853.0,136,22838
169,2022-02-22,2022-06-28,Соцсети,Вконтакте,14196,Москва,824.0,110.0,24,2172
172,2022-02-22,2022-11-10,Поисковая оптимизация,Яндекс,6938,Казань,12345.0,1399.0,145,24328
173,2022-02-22,2022-10-23,Поисковая оптимизация,Instagram,5093,Краснодар,6884.0,1326.0,187,37116
174,2022-02-23,2022-03-23,Баннерная,Google,2868,Казань,3350.0,888.0,98,22149
175,2022-02-23,2022-07-30,Контекстная,Яндекс,45386,Казань,1156.0,310.0,142,35307
176,2022-02-23,2022-10-10,Нативная интеграция,Яндекс,44253,Санкт-Петербург,652.0,181.0,23,1729
177,2022-02-23,2022-05-17,Видеореклама,Instagram,26371,Калуга,1064.0,121.0,18,4133
178,2022-02-23,2022-08-29,Соцсети,Вконтакте,17828,Краснодар,2964.0,612.0,97,9895
179,2022-02-23,2022-10-08,Контекстная,Google,25700,Калуга,486.0,329.0,119,10089
180,2022-02-23,2022-09-28,Поисковая оптимизация,Instagram,21016,Санкт-Петербург,66.0,8.0,7,1031
181,2022-02-24,2022-06-24,Поисковая оптимизация,Вконтакте,31954,Санкт-Петербург,684.0,598.0,127,6666
182,2022-02-24,2022-10-29,Видеореклама,Telegram,36525,Москва,773.0,219.0,26,1441
183,2022-02-25,2022-07-30,Поисковая оптимизация,Google,43032,Калуга,13942.0,1684.0,184,15020
184,2022-02-25,2022-12-15,Нативная интеграция,Google,46025,Казань,560.0,163.0,93,11203
185,2022-02-26,2022-03-11,Контекстная,Яндекс,22226,Санкт-Петербург,220.0,111.0,12,3161
186,2022-02-26,2022-08-07,Нативная интеграция,Telegram,29329,Казань,1233.0,351.0,62,4525
188,2022-02-26,2022-09-06,Баннерная,Яндекс,17552,Екатеринбург,387.0,121.0,20,3105
189,2022-02-27,2022-08-06,Поисковая оптимизация,Яндекс,41578,Новосибирск,9627.0,1016.0,127,16990
190,2022-02-27,2022-12-09,Соцсети,Instagram,18679,Калуга,9144.0,1071.0,128,17232
191,2022-02-27,2022-05-30,Нативная интеграция,Google,30931,Москва,476.0,154.0,132,10402
192,2022-02-27,2022-08-01,Баннерная,Вконтакте,23655,Санкт-Петербург,252.0,42.0,8,1091
193,2022-02-27,2022-12-03,Видеореклама,Telegram,22992,Краснодар,862.0,310.0,131,26121
194,2022-02-27,2022-12-15,Соцсети,Google,4662,Екатеринбург,1044.0,798.0,125,28020
195,2022-02-28,2022-08-03,Соцсети,Google,7212,Екатеринбург,1381.0,302.0,132,23274
196,2022-02-28,2022-12-07,Контекстная,Яндекс,48988,Новосибирск,2071.0,393.0,57,12644
197,2022-02-28,2022-08-04,Соцсети,Вконтакте,31004,Москва,2010.0,1542.0,177,40635
198,2022-03-01,2022-10-20,Соцсети,Telegram,32862,Новосибирск,378.0,95.0,11,2551
199,2022-03-01,2022-12-29,Соцсети,Telegram,22016,Нижний Новгород,11644.0,1250.0,160,12870
200,2022-03-02,2022-10-21,Соцсети,Вконтакте,10773,Калуга,6155.0,689.0,114,16362
201,2022-03-02,2022-09-05,Соцсети,Instagram,26594,Нижний Новгород,5828.0,1174.0,140,20169
202,2022-03-02,2022-05-31,Баннерная,Instagram,33567,Краснодар,1589.0,225.0,40,5964
204,2022-03-03,2022-12-22,Нативная интеграция,Telegram,27525,Новосибирск,861.0,241.0,97,11444
205,2022-03-03,2022-04-03,Нативная интеграция,Вконтакте,46364,Москва,249.0,40.0,9,1814
206,2022-03-03,2022-10-22,Соцсети,Google,27635,Новосибирск,3589.0,631.0,153,10634
207,2022-03-04,2022-04-08,Видеореклама,Telegram,25007,Санкт-Петербург,376.0,59.0,30,5343
208,2022-03-04,2022-05-25,Нативная интеграция,Instagram,1866,Москва,3067.0,443.0,124,10159
209,2022-03-04,2022-07-16,Видеореклама,Telegram,42341,Казань,2430.0,914.0,181,33423
211,2022-03-05,2022-11-03,Соцсети,Яндекс,38379,Екатеринбург,553.0,280.0,70,11363
212,2022-03-05,2022-08-28,Нативная интеграция,Вконтакте,32292,Казань,2685.0,527.0,71,14540
213,2022-03-06,2022-11-02,Контекстная,Вконтакте,41751,Калуга,3001.0,873.0,96,9273
216,2022-03-08,2022-03-18,Поисковая оптимизация,Вконтакте,19527,Новосибирск,2574.0,699.0,147,29705
217,2022-03-08,2022-09-11,Контекстная,Instagram,30712,Краснодар,1118.0,138.0,58,4448
218,2022-03-08,2022-03-12,Контекстная,Instagram,42042,Нижний Новгород,6164.0,1022.0,177,11781
219,2022-03-09,2022-12-06,Контекстная,Вконтакте,12268,Екатеринбург,4857.0,1074.0,154,30174
220,2022-03-09,2022-09-19,Нативная интеграция,Google,26473,Екатеринбург,3734.0,689.0,177,26444
221,2022-03-09,2022-04-12,Видеореклама,Яндекс,21911,Санкт-Петербург,4472.0,506.0,74,15186
222,2022-03-09,2022-11-10,Соцсети,Telegram,38171,Казань,135.0,54.0,23,5811
224,2022-03-10,2022-03-30,Нативная интеграция,Telegram,23701,Казань,110.0,50.0,7,580
225,2022-03-10,2022-12-22,Соцсети,Instagram,4347,Нижний Новгород,209.0,106.0,22,4121
226,2022-03-10,2022-05-19,Поисковая оптимизация,Instagram,5681,Екатеринбург,1475.0,393.0,74,18382
227,2022-03-11,2022-09-27,Контекстная,Яндекс,45939,Нижний Новгород,1022.0,498.0,182,33133
228,2022-03-11,2022-12-22,Нативная интеграция,Яндекс,23545,Калуга,485.0,73.0,39,3855
229,2022-03-11,2022-07-02,Баннерная,Вконтакте,31113,Нижний Новгород,10398.0,1428.0,158,31991
230,2022-03-11,2022-11-15,Видеореклама,Telegram,21283,Новосибирск,635.0,138.0,57,5191
232,2022-03-11,2022-12-14,Нативная интеграция,Google,46825,Краснодар,874.0,408.0,109,22278
233,2022-03-12,2022-03-31,Нативная интеграция,Telegram,2844,Санкт-Петербург,2728.0,718.0,152,36150
234,2022-03-13,2022-03-20,Соцсети,Вконтакте,23625,Москва,619.0,343.0,77,18640
235,2022-03-13,2022-07-18,Контекстная,Instagram,12881,Екатеринбург,5490.0,562.0,134,14729
236,2022-03-13,2022-04-19,Баннерная,Яндекс,3299,Калуга,4583.0,482.0,163,28030
237,2022-03-14,2022-08-11,Нативная интеграция,Google,8501,Москва,2199.0,1294.0,181,41579
238,2022-03-14,2022-06-02,Соцсети,Instagram,25866,Калуга,2201.0,499.0,81,11987
241,2022-03-15,2022-03-20,Баннерная,Вконтакте,34298,Краснодар,7663.0,899.0,141,21969
242,2022-03-15,2022-05-06,Видеореклама,Яндекс,30597,Москва,403.0,65.0,44,5268
243,2022-03-15,2022-08-09,Баннерная,Яндекс,1766,Москва,4758.0,496.0,77,5080
244,2022-03-15,2022-04-14,Нативная интеграция,Яндекс,17076,Нижний Новгород,1049.0,819.0,182,15872
245,2022-03-16,2022-09-18,Поисковая оптимизация,Google,34469,Екатеринбург,111.0,60.0,47,5801
246,2022-03-17,2022-09-15,Нативная интеграция,Telegram,27201,Москва,726.0,198.0,197,28537
247,2022-03-17,2022-08-29,Баннерная,Яндекс,47061,Калуга,12154.0,1350.0,164,10496
248,2022-03-17,2022-10-14,Видеореклама,Telegram,25876,Екатеринбург,1322.0,489.0,164,23573
250,2022-03-17,2022-10-20,Баннерная,Вконтакте,40484,Екатеринбург,6136.0,673.0,97,16454
251,2022-03-17,2022-08-24,Соцсети,Telegram,5399,Нижний Новгород,889.0,90.0,74,15423
252,2022-03-17,2022-06-21,Видеореклама,Яндекс,41797,Краснодар,1659.0,250.0,105,24682
255,2022-03-18,2022-06-15,Видеореклама,Вконтакте,14498,Екатеринбург,1299.0,735.0,137,21253
256,2022-03-19,2022-10-21,Контекстная,Google,10930,Краснодар,930.0,106.0,17,3786
258,2022-03-19,2022-03-27,Контекстная,Instagram,8488,Новосибирск,2208.0,471.0,48,8555
259,2022-03-20,2022-06-19,Видеореклама,Telegram,4797,Санкт-Петербург,5199.0,703.0,76,5311
260,2022-03-20,2022-07-30,Поисковая оптимизация,Telegram,48245,Краснодар,1569.0,348.0,167,12775
261,2022-03-20,2022-12-07,Видеореклама,Instagram,8412,Нижний Новгород,2193.0,783.0,83,11225
262,2022-03-21,2022-11-25,Соцсети,Google,45178,Казань,3706.0,1239.0,154,35849
263,2022-03-21,2022-11-18,Видеореклама,Яндекс,12660,Нижний Новгород,164.0,146.0,33,5963
264,2022-03-21,2022-04-05,Нативная интеграция,Google,30477,Новосибирск,8079.0,957.0,137,9753
265,2022-03-21,2022-08-15,Контекстная,Вконтакте,44101,Калуга,4350.0,585.0,113,26459
266,2022-03-21,2022-04-26,Баннерная,Telegram,40459,Санкт-Петербург,6417.0,1427.0,164,9206
267,2022-03-22,2022-09-24,Поисковая оптимизация,Вконтакте,39519,Краснодар,8038.0,877.0,109,15129
269,2022-03-22,2022-05-12,Баннерная,Instagram,15718,Казань,11732.0,1315.0,191,39670
270,2022-03-22,2022-11-27,Видеореклама,Яндекс,1548,Екатеринбург,5784.0,640.0,144,22237
271,2022-03-22,2022-07-22,Контекстная,Instagram,19689,Екатеринбург,718.0,179.0,91,5754
273,2022-03-22,2022-04-30,Видеореклама,Яндекс,14643,Новосибирск,1859.0,623.0,165,28158
275,2022-03-23,2022-04-30,Поисковая оптимизация,Instagram,36550,Краснодар,7574.0,978.0,171,38047
276,2022-03-23,2022-04-17,Поисковая оптимизация,Яндекс,23230,Нижний Новгород,1411.0,726.0,151,16488
277,2022-03-23,2022-11-05,Поисковая оптимизация,Вконтакте,13851,Новосибирск,565.0,204.0,67,5272
278,2022-03-24,2022-08-09,Контекстная,Telegram,2123,Санкт-Петербург,4044.0,608.0,67,9781
279,2022-03-24,2022-06-09,Контекстная,Telegram,30838,Екатеринбург,1064.0,761.0,81,15162
280,2022-03-24,2022-09-01,Видеореклама,Google,42896,Краснодар,8704.0,1148.0,166,27142
281,2022-03-24,2022-08-02,Нативная интеграция,Instagram,44942,Санкт-Петербург,7914.0,842.0,100,8348
282,2022-03-25,2022-12-24,Поисковая оптимизация,Instagram,33435,Казань,1423.0,206.0,47,5265
283,2022-03-25,2022-12-19,Баннерная,Яндекс,31740,Нижний Новгород,1633.0,952.0,113,8764
285,2022-03-25,2022-10-21,Нативная интеграция,Google,48560,Санкт-Петербург,1234.0,182.0,74,15784
286,2022-03-26,2022-06-04,Нативная интеграция,Яндекс,28186,Нижний Новгород,234.0,117.0,15,1244
287,2022-03-26,2022-11-21,Контекстная,Instagram,14504,Краснодар,7081.0,792.0,152,24528
288,2022-03-26,2022-04-02,Нативная интеграция,Instagram,18108,Екатеринбург,244.0,69.0,17,932
289,2022-03-26,2022-11-14,Поисковая оптимизация,Google,33239,Краснодар,8847.0,1027.0,160,37085
290,2022-03-27,2022-09-28,Контекстная,Instagram,2642,Калуга,3248.0,475.0,49,8380
291,2022-03-28,2022-12-07,Баннерная,Яндекс,22871,Москва,858.0,164.0,18,3284
292,2022-03-28,2022-09-12,Баннерная,Вконтакте,21210,Краснодар,1748.0,823.0,135,28615
295,2022-03-29,2022-08-05,Контекстная,Яндекс,3307,Екатеринбург,6516.0,898.0,93,14381
296,2022-03-30,2022-12-01,Контекстная,Вконтакте,40421,Санкт-Петербург,5748.0,718.0,159,15071
297,2022-03-30,2022-12-30,Поисковая оптимизация,Google,33124,Краснодар,1169.0,518.0,152,12891
298,2022-03-30,2022-12-12,Баннерная,Яндекс,21776,Санкт-Петербург,1554.0,360.0,65,15097
299,2022-03-30,2022-11-11,Соцсети,Telegram,22384,Екатеринбург,6742.0,779.0,82,14379
300,2022-03-30,2022-12-02,Баннерная,Вконтакте,8906,Нижний Новгород,9163.0,947.0,121,18964
301,2022-03-30,2022-07-18,Видеореклама,Instagram,10185,Москва,1662.0,670.0,83,7521
302,2022-03-30,2022-11-30,Поисковая оптимизация,Telegram,23540,Санкт-Петербург,5637.0,619.0,159,29614
303,2022-03-30,2022-07-11,Нативная интеграция,Telegram,45496,Екатеринбург,4019.0,454.0,129,21596
304,2022-03-30,2022-07-17,Видеореклама,Google,41109,Калуга,5572.0,798.0,111,25647
305,2022-03-31,2022-08-17,Контекстная,Instagram,33100,Москва,882.0,529.0,74,6600
306,2022-03-31,2022-09-14,Соцсети,Telegram,45384,Краснодар,2484.0,400.0,143,34920
307,2022-03-31,2022-12-24,Поисковая оптимизация,Telegram,22886,Казань,1797.0,235.0,186,36498
308,2022-03-31,2022-08-14,Нативная интеграция,Instagram,38989,Калуга,3916.0,549.0,198,25397
309,2022-03-31,2022-06-19,Поисковая оптимизация,Google,45572,Екатеринбург,766.0,284.0,59,12137
310,2022-03-31,2022-12-08,Нативная интеграция,Вконтакте,4073,Казань,913.0,433.0,79,13507
312,2022-04-01,2022-12-21,Баннерная,Вконтакте,19558,Москва,590.0,167.0,62,12038
314,2022-04-01,2022-12-23,Баннерная,Вконтакте,10090,Москва,7070.0,1047.0,115,26009
315,2022-04-01,2022-12-01,Поисковая оптимизация,Вконтакте,10057,Москва,272.0,50.0,5,284
316,2022-04-01,2022-08-18,Нативная интеграция,Яндекс,31693,Казань,2775.0,1176.0,121,19655
317,2022-04-02,2022-09-17,Поисковая оптимизация,Instagram,14328,Санкт-Петербург,6591.0,787.0,83,15828
320,2022-04-02,2022-12-04,Видеореклама,Вконтакте,27647,Казань,1701.0,285.0,93,18999
323,2022-04-02,2022-08-08,Поисковая оптимизация,Instagram,29616,Казань,1284.0,181.0,107,19190
324,2022-04-03,2022-11-25,Соцсети,Telegram,40725,Москва,2808.0,783.0,104,23280
326,2022-04-03,2022-10-27,Контекстная,Вконтакте,18613,Нижний Новгород,1826.0,234.0,27,6149
327,2022-04-03,2022-07-06,Соцсети,Вконтакте,9673,Екатеринбург,899.0,280.0,51,4480
328,2022-04-03,2022-05-06,Поисковая оптимизация,Google,42028,Новосибирск,3476.0,970.0,125,14861
329,2022-04-03,2022-07-15,Баннерная,Instagram,42191,Екатеринбург,4351.0,719.0,79,19424
331,2022-04-03,2022-05-02,Контекстная,Google,47681,Краснодар,2242.0,485.0,125,14168
333,2022-04-04,2022-05-29,Контекстная,Яндекс,24270,Москва,4839.0,640.0,104,10063
334,2022-04-04,2022-07-12,Нативная интеграция,Instagram,45628,Санкт-Петербург,4962.0,1087.0,172,19310
337,2022-04-05,2022-09-15,Контекстная,Instagram,48669,Казань,7722.0,1355.0,193,39164
339,2022-04-06,2022-05-22,Видеореклама,Telegram,8861,Екатеринбург,1854.0,191.0,96,15857
340,2022-04-06,2022-11-11,Контекстная,Google,9125,Нижний Новгород,687.0,76.0,37,3288
341,2022-04-06,2022-08-09,Видеореклама,Instagram,21324,Новосибирск,632.0,371.0,161,28166
342,2022-04-07,2022-11-14,Баннерная,Google,2034,Нижний Новгород,4587.0,830.0,126,18107
343,2022-04-07,2022-12-01,Видеореклама,Google,47963,Екатеринбург,2608.0,371.0,44,2418
344,2022-04-07,2022-07-06,Видеореклама,Google,12025,Новосибирск,315.0,206.0,53,7723
346,2022-04-08,2022-09-11,Нативная интеграция,Вконтакте,4668,Казань,410.0,216.0,28,6664
347,2022-04-09,2022-08-08,Видеореклама,Яндекс,31707,Санкт-Петербург,4917.0,608.0,81,15813
348,2022-04-09,2022-12-15,Баннерная,Telegram,12304,Нижний Новгород,3179.0,834.0,132,25192
351,2022-04-10,2022-08-25,Баннерная,Telegram,11808,Москва,793.0,110.0,96,9579
352,2022-04-10,2022-05-04,Нативная интеграция,Вконтакте,7176,Екатеринбург,70.0,9.0,7,1312
353,2022-04-11,2022-04-24,Нативная интеграция,Instagram,23277,Нижний Новгород,732.0,377.0,81,19959
354,2022-04-11,2022-05-25,Нативная интеграция,Вконтакте,34136,Санкт-Петербург,542.0,186.0,88,14763
355,2022-04-12,2022-12-27,Видеореклама,Instagram,4013,Казань,1353.0,976.0,156,11354
356,2022-04-13,2022-10-30,Видеореклама,Telegram,37809,Санкт-Петербург,729.0,161.0,45,5494
357,2022-04-13,2022-08-25,Соцсети,Instagram,28053,Калуга,13870.0,1396.0,168,11927
358,2022-04-13,2022-06-24,Видеореклама,Telegram,27946,Санкт-Петербург,298.0,69.0,14,826
360,2022-04-14,2022-09-22,Контекстная,Telegram,2317,Новосибирск,445.0,49.0,5,947
361,2022-04-14,2022-08-14,Контекстная,Вконтакте,15831,Москва,1708.0,199.0,22,1991
362,2022-04-14,2022-06-14,Соцсети,Вконтакте,43718,Калуга,2289.0,462.0,89,7751
363,2022-04-14,2022-08-11,Нативная интеграция,Вконтакте,44281,Санкт-Петербург,925.0,231.0,166,31371
364,2022-04-14,2022-12-18,Нативная интеграция,Вконтакте,43081,Санкт-Петербург,634.0,390.0,177,14112
365,2022-04-15,2022-11-18,Поисковая оптимизация,Instagram,44703,Нижний Новгород,2018.0,657.0,123,12393
366,2022-04-16,2022-11-13,Контекстная,Telegram,48125,Новосибирск,280.0,32.0,6,1059
368,2022-04-16,2022-07-27,Контекстная,Telegram,2004,Нижний Новгород,459.0,71.0,9,1669
369,2022-04-16,2022-08-21,Нативная интеграция,Instagram,14166,Екатеринбург,255.0,80.0,70,8469
370,2022-04-17,2022-07-15,Нативная интеграция,Telegram,16054,Екатеринбург,4376.0,450.0,46,8993
372,2022-04-17,2022-07-23,Видеореклама,Вконтакте,8959,Нижний Новгород,5318.0,1223.0,160,10923
373,2022-04-18,2022-09-30,Баннерная,Telegram,17210,Москва,5582.0,932.0,142,24679
374,2022-04-18,2022-09-13,Контекстная,Telegram,19891,Новосибирск,386.0,133.0,22,1763
376,2022-04-18,2022-07-17,Поисковая оптимизация,Google,49046,Калуга,362.0,176.0,21,3602
377,2022-04-18,2022-07-17,Контекстная,Instagram,37604,Нижний Новгород,4344.0,890.0,181,44808
378,2022-04-19,2022-11-07,Поисковая оптимизация,Google,48301,Нижний Новгород,9411.0,1248.0,184,10916
380,2022-04-19,2022-06-05,Нативная интеграция,Google,48685,Калуга,1273.0,152.0,16,2066
381,2022-04-20,2022-05-17,Соцсети,Telegram,29551,Санкт-Петербург,3721.0,446.0,103,19543
382,2022-04-21,2022-04-26,Нативная интеграция,Telegram,24708,Новосибирск,4954.0,748.0,81,8374
383,2022-04-22,2022-10-12,Поисковая оптимизация,Instagram,5963,Новосибирск,7712.0,894.0,178,10568
384,2022-04-23,2022-10-23,Нативная интеграция,Instagram,29840,Краснодар,3730.0,1237.0,150,28139
386,2022-04-23,2022-12-01,Нативная интеграция,Вконтакте,26505,Екатеринбург,349.0,97.0,87,20831
387,2022-04-24,2022-06-18,Баннерная,Вконтакте,34662,Екатеринбург,2273.0,272.0,50,12315
388,2022-04-24,2022-05-29,Контекстная,Вконтакте,10899,Екатеринбург,2146.0,258.0,65,8978
389,2022-04-25,2022-04-29,Баннерная,Telegram,41589,Екатеринбург,3333.0,574.0,69,13219
390,2022-04-25,2022-08-12,Соцсети,Instagram,11555,Нижний Новгород,1322.0,318.0,83,14213
391,2022-04-25,2022-05-05,Видеореклама,Яндекс,18875,Екатеринбург,7182.0,977.0,116,17855
394,2022-04-26,2022-07-23,Нативная интеграция,Вконтакте,19171,Новосибирск,4460.0,1129.0,169,38027
396,2022-04-26,2022-06-30,Баннерная,Яндекс,39764,Москва,3034.0,523.0,70,5938
398,2022-04-27,2022-05-03,Нативная интеграция,Google,40509,Новосибирск,308.0,36.0,32,6657
399,2022-04-28,2022-09-20,Видеореклама,Вконтакте,36744,Санкт-Петербург,859.0,600.0,62,3893
400,2022-04-30,2022-08-29,Баннерная,Instagram,9362,Казань,106.0,39.0,24,2520
402,2022-04-30,2022-05-03,Нативная интеграция,Telegram,11630,Санкт-Петербург,9367.0,1040.0,163,18544
403,2022-04-30,2022-07-27,Нативная интеграция,Вконтакте,5569,Москва,2977.0,467.0,53,6057
404,2022-05-01,2022-10-18,Контекстная,Яндекс,25173,Санкт-Петербург,1313.0,323.0,46,10727
405,2022-05-01,2022-07-17,Контекстная,Telegram,37410,Казань,1604.0,221.0,28,3981
406,2022-05-01,2022-05-18,Нативная интеграция,Вконтакте,31226,Новосибирск,4925.0,1124.0,145,23745
407,2022-05-01,2022-08-08,Контекстная,Google,9090,Калуга,6537.0,791.0,152,18700
408,2022-05-01,2022-09-27,Нативная интеграция,Вконтакте,36715,Санкт-Петербург,909.0,95.0,14,3283
410,2022-05-01,2022-12-12,Видеореклама,Яндекс,46737,Санкт-Петербург,385.0,136.0,30,2072
412,2022-05-02,2022-10-06,Контекстная,Instagram,6636,Санкт-Петербург,698.0,116.0,13,1770
413,2022-05-02,2022-12-07,Поисковая оптимизация,Вконтакте,19635,Краснодар,4578.0,765.0,127,11487
414,2022-05-02,2022-05-27,Баннерная,Telegram,41882,Краснодар,428.0,158.0,74,6989
415,2022-05-02,2022-05-08,Поисковая оптимизация,Вконтакте,34434,Санкт-Петербург,12107.0,1355.0,146,23524
416,2022-05-02,2022-11-10,Контекстная,Яндекс,41267,Казань,1532.0,622.0,138,8903
418,2022-05-02,2022-06-17,Поисковая оптимизация,Вконтакте,43931,Новосибирск,4624.0,695.0,126,16319
419,2022-05-02,2022-08-17,Контекстная,Telegram,30531,Калуга,1354.0,218.0,62,6960
420,2022-05-03,2022-11-13,Баннерная,Вконтакте,46762,Новосибирск,5531.0,627.0,153,10146
421,2022-05-03,2022-06-20,Видеореклама,Вконтакте,8121,Екатеринбург,492.0,83.0,25,6106
422,2022-05-03,2022-07-01,Видеореклама,Instagram,38970,Новосибирск,2966.0,491.0,63,7225
423,2022-05-03,2022-08-10,Поисковая оптимизация,Google,10121,Москва,1077.0,122.0,16,3658
425,2022-05-04,2022-05-28,Поисковая оптимизация,Google,34538,Казань,3994.0,422.0,97,21293
427,2022-05-04,2022-07-19,Видеореклама,Google,13329,Краснодар,1049.0,262.0,58,4660
428,2022-05-04,2022-09-11,Поисковая оптимизация,Telegram,15727,Екатеринбург,2558.0,1078.0,133,16236
429,2022-05-04,2022-12-29,Видеореклама,Google,12417,Екатеринбург,81.0,16.0,8,724
430,2022-05-04,2022-10-14,Поисковая оптимизация,Telegram,36737,Москва,480.0,185.0,22,3102
431,2022-05-04,2022-07-08,Соцсети,Вконтакте,31996,Краснодар,3110.0,406.0,53,8940
432,2022-05-04,2022-11-29,Контекстная,Вконтакте,38336,Новосибирск,1364.0,762.0,146,26613
433,2022-05-04,2022-12-08,Контекстная,Telegram,5741,Калуга,4781.0,673.0,186,29489
434,2022-05-04,2022-05-08,Контекстная,Telegram,38626,Калуга,116.0,79.0,37,3613
436,2022-05-05,2022-09-03,Видеореклама,Яндекс,24195,Екатеринбург,5741.0,823.0,193,37744
437,2022-05-05,2022-05-27,Нативная интеграция,Google,1761,Краснодар,4140.0,459.0,157,15758
438,2022-05-06,2022-07-07,Соцсети,Instagram,28063,Екатеринбург,4141.0,1046.0,112,8859
439,2022-05-06,2022-06-01,Соцсети,Яндекс,28751,Екатеринбург,6231.0,955.0,111,23679
440,2022-05-06,2022-06-18,Контекстная,Telegram,24553,Казань,9601.0,1076.0,152,23149
441,2022-05-06,2022-08-04,Видеореклама,Telegram,28407,Санкт-Петербург,2446.0,437.0,110,26441
442,2022-05-06,2022-09-02,Соцсети,Telegram,21456,Нижний Новгород,1067.0,257.0,114,23477
444,2022-05-06,2022-10-25,Соцсети,Telegram,43583,Новосибирск,2174.0,342.0,55,5506
445,2022-05-07,2022-08-29,Контекстная,Google,8454,Новосибирск,124.0,59.0,41,7108
447,2022-05-08,2022-09-05,Нативная интеграция,Telegram,37273,Нижний Новгород,1762.0,195.0,22,5426
448,2022-05-08,2022-07-10,Баннерная,Google,33921,Казань,2595.0,271.0,198,48465
449,2022-05-08,2022-09-30,Соцсети,Telegram,22111,Нижний Новгород,1173.0,235.0,39,6896
450,2022-05-08,2022-07-16,Контекстная,Яндекс,3731,Калуга,4865.0,535.0,121,12552
451,2022-05-09,2022-08-29,Соцсети,Telegram,16892,Екатеринбург,2437.0,277.0,39,9043
452,2022-05-10,2022-06-15,Поисковая оптимизация,Telegram,1649,Нижний Новгород,4887.0,636.0,157,9025
453,2022-05-10,2022-07-12,Контекстная,Яндекс,37806,Нижний Новгород,2211.0,381.0,86,10214
454,2022-05-10,2022-10-11,Видеореклама,Telegram,36238,Нижний Новгород,1895.0,462.0,164,29894
455,2022-05-10,2022-08-16,Контекстная,Google,8071,Санкт-Петербург,2189.0,788.0,89,7873
458,2022-05-12,2022-09-30,Видеореклама,Instagram,37562,Краснодар,504.0,192.0,36,5109
459,2022-05-12,2022-11-17,Контекстная,Telegram,2979,Краснодар,1634.0,337.0,85,9016
460,2022-05-13,2022-08-01,Баннерная,Instagram,7194,Екатеринбург,1792.0,901.0,128,20098
461,2022-05-13,2022-05-20,Соцсети,Google,29622,Екатеринбург,387.0,220.0,117,16236
462,2022-05-13,2022-12-15,Контекстная,Instagram,26131,Новосибирск,1605.0,350.0,99,20797
463,2022-05-14,2022-10-13,Баннерная,Вконтакте,19606,Краснодар,9234.0,1071.0,176,20018
464,2022-05-14,2022-06-28,Видеореклама,Яндекс,48132,Екатеринбург,6617.0,663.0,118,27234
465,2022-05-14,2022-07-06,Баннерная,Google,13496,Москва,6927.0,737.0,85,6013
466,2022-05-14,2022-11-19,Соцсети,Telegram,8470,Казань,7228.0,1167.0,139,33126
467,2022-05-14,2022-06-09,Баннерная,Google,49805,Москва,1394.0,172.0,102,6418
468,2022-05-14,2022-06-28,Поисковая оптимизация,Вконтакте,43177,Новосибирск,393.0,152.0,87,4831
469,2022-05-14,2022-06-10,Видеореклама,Instagram,8725,Калуга,625.0,162.0,43,7918
470,2022-05-15,2022-10-04,Соцсети,Google,13054,Нижний Новгород,885.0,189.0,66,15101
471,2022-05-15,2022-09-04,Соцсети,Google,2745,Калуга,12921.0,1478.0,186,15929
472,2022-05-16,2022-12-25,Видеореклама,Вконтакте,29557,Краснодар,4105.0,413.0,164,31926
474,2022-05-16,2022-10-17,Соцсети,Instagram,39276,Санкт-Петербург,1319.0,273.0,169,14220
476,2022-05-17,2022-08-13,Баннерная,Вконтакте,17865,Екатеринбург,458.0,172.0,24,1977
477,2022-05-17,2022-11-25,Поисковая оптимизация,Вконтакте,42298,Екатеринбург,205.0,58.0,29,6146
478,2022-05-18,2022-10-18,Баннерная,Яндекс,37808,Калуга,414.0,97.0,88,21090
479,2022-05-18,2022-06-23,Видеореклама,Instagram,28138,Нижний Новгород,2359.0,335.0,132,32234
480,2022-05-18,2022-11-11,Контекстная,Яндекс,5952,Москва,5270.0,611.0,98,16567
481,2022-05-18,2022-06-14,Соцсети,Google,25073,Санкт-Петербург,9370.0,1098.0,117,27617
482,2022-05-19,2022-09-23,Контекстная,Яндекс,23435,Калуга,4482.0,1218.0,134,15613
483,2022-05-19,2022-07-18,Нативная интеграция,Instagram,38718,Екатеринбург,5411.0,815.0,172,43155
484,2022-05-20,2022-05-25,Контекстная,Google,31640,Казань,3861.0,489.0,87,17995
485,2022-05-20,2022-12-24,Соцсети,Яндекс,5025,Казань,444.0,92.0,17,1489
486,2022-05-20,2022-09-09,Видеореклама,Instagram,8781,Екатеринбург,6786.0,1020.0,169,38563
487,2022-05-20,2022-09-21,Соцсети,Telegram,39762,Калуга,1734.0,488.0,94,17031
488,2022-05-20,2022-12-02,Поисковая оптимизация,Telegram,4504,Новосибирск,4530.0,665.0,94,21297
489,2022-05-21,2022-11-01,Контекстная,Telegram,34124,Нижний Новгород,3940.0,849.0,162,26487
490,2022-05-21,2022-09-17,Поисковая оптимизация,Вконтакте,38575,Екатеринбург,724.0,179.0,177,29530
491,2022-05-21,2022-11-10,Соцсети,Яндекс,17799,Калуга,1094.0,201.0,112,10466
492,2022-05-21,2022-10-13,Соцсети,Вконтакте,38111,Нижний Новгород,1420.0,296.0,64,14064
493,2022-05-22,2022-11-02,Нативная интеграция,Google,7769,Москва,2132.0,397.0,87,12708
494,2022-05-22,2022-10-16,Видеореклама,Instagram,8701,Калуга,409.0,201.0,72,8614
497,2022-05-22,2022-10-30,Соцсети,Вконтакте,3428,Екатеринбург,2367.0,479.0,79,15414
498,2022-05-23,2022-11-29,Поисковая оптимизация,Вконтакте,49087,Калуга,1390.0,164.0,55,6238
499,2022-05-24,2022-10-05,Контекстная,Вконтакте,20213,Екатеринбург,2244.0,386.0,56,13666
500,2022-05-24,2022-07-28,Соцсети,Google,49305,Новосибирск,1003.0,181.0,99,9708
501,2022-05-24,2022-12-13,Нативная интеграция,Telegram,6886,Калуга,3043.0,718.0,126,7265
502,2022-05-24,2022-07-22,Видеореклама,Google,23897,Краснодар,8171.0,1696.0,185,11751
503,2022-05-25,2022-11-09,Поисковая оптимизация,Google,32750,Новосибирск,668.0,99.0,25,2264
504,2022-05-25,2022-11-10,Видеореклама,Вконтакте,29686,Екатеринбург,7809.0,785.0,109,18206
505,2022-05-25,2022-08-18,Видеореклама,Вконтакте,23961,Екатеринбург,1835.0,1398.0,140,21180
507,2022-05-26,2022-11-26,Видеореклама,Google,5819,Новосибирск,165.0,110.0,28,2813
508,2022-05-26,2022-06-30,Видеореклама,Яндекс,39121,Калуга,3329.0,470.0,70,5145
509,2022-05-26,2022-06-30,Нативная интеграция,Вконтакте,31263,Казань,1070.0,150.0,41,9096
510,2022-05-27,2022-10-15,Баннерная,Яндекс,17706,Краснодар,751.0,104.0,10,1333
511,2022-05-27,2022-06-25,Поисковая оптимизация,Вконтакте,5061,Санкт-Петербург,1565.0,655.0,71,15441
512,2022-05-27,2022-10-06,Баннерная,Google,2868,Екатеринбург,1196.0,344.0,94,7155
513,2022-05-28,2022-06-23,Баннерная,Telegram,10027,Новосибирск,43.0,12.0,5,869
515,2022-05-28,2022-07-18,Видеореклама,Instagram,2915,Казань,2880.0,560.0,132,10277
516,2022-05-28,2022-06-24,Контекстная,Telegram,9255,Нижний Новгород,259.0,100.0,24,5747
518,2022-05-29,2022-11-02,Баннерная,Вконтакте,45590,Нижний Новгород,5460.0,551.0,162,17632
519,2022-05-29,2022-10-11,Контекстная,Google,31903,Москва,3298.0,599.0,96,16659
520,2022-05-29,2022-11-16,Видеореклама,Instagram,22916,Казань,2544.0,313.0,72,8342
521,2022-05-29,2022-12-25,Нативная интеграция,Telegram,6510,Казань,425.0,414.0,82,15577
522,2022-05-29,2022-08-04,Видеореклама,Вконтакте,42516,Казань,1482.0,525.0,179,42730
523,2022-05-29,2022-10-18,Поисковая оптимизация,Вконтакте,36279,Санкт-Петербург,5700.0,832.0,138,22906
525,2022-05-30,2022-08-16,Соцсети,Вконтакте,43771,Екатеринбург,4080.0,569.0,84,9699
526,2022-05-30,2022-09-16,Поисковая оптимизация,Google,46078,Краснодар,2625.0,346.0,172,18987
527,2022-05-30,2022-10-05,Нативная интеграция,Вконтакте,7664,Краснодар,952.0,113.0,49,6666
529,2022-05-30,2022-09-17,Баннерная,Telegram,46816,Калуга,2011.0,501.0,60,5160
530,2022-05-31,2022-06-20,Контекстная,Вконтакте,16493,Екатеринбург,533.0,505.0,98,17954
531,2022-05-31,2022-12-07,Соцсети,Вконтакте,2663,Новосибирск,4028.0,839.0,175,33547
532,2022-05-31,2022-07-19,Поисковая оптимизация,Яндекс,36130,Казань,598.0,75.0,60,4327
534,2022-06-01,2022-09-13,Поисковая оптимизация,Яндекс,17030,Казань,4728.0,789.0,101,15636
535,2022-06-01,2022-09-20,Соцсети,Telegram,6181,Москва,2075.0,343.0,95,20071
536,2022-06-02,2022-09-30,Видеореклама,Instagram,35603,Краснодар,8927.0,1356.0,157,26967
537,2022-06-02,2022-06-02,Баннерная,Google,16815,Нижний Новгород,5708.0,978.0,194,31211
538,2022-06-02,2022-06-20,Соцсети,Google,9073,Калуга,1326.0,212.0,46,7568
539,2022-06-02,2022-08-29,Соцсети,Яндекс,30409,Новосибирск,5231.0,997.0,110,14128
540,2022-06-02,2022-11-28,Баннерная,Google,22207,Екатеринбург,1472.0,339.0,67,5556
541,2022-06-02,2022-10-17,Нативная интеграция,Instagram,24122,Новосибирск,5961.0,1520.0,177,11415
542,2022-06-02,2022-11-03,Контекстная,Telegram,28731,Нижний Новгород,222.0,38.0,5,1065
543,2022-06-02,2022-08-02,Нативная интеграция,Instagram,34272,Новосибирск,3167.0,1157.0,158,30344
545,2022-06-03,2022-07-14,Нативная интеграция,Яндекс,8746,Екатеринбург,6501.0,854.0,170,34269
546,2022-06-04,2022-12-07,Поисковая оптимизация,Яндекс,36370,Краснодар,2056.0,416.0,150,35153
547,2022-06-04,2022-10-09,Соцсети,Google,42580,Краснодар,2649.0,369.0,38,3300
548,2022-06-05,2022-12-08,Баннерная,Instagram,28910,Новосибирск,167.0,127.0,35,2924
549,2022-06-05,2022-09-26,Нативная интеграция,Instagram,49772,Новосибирск,5713.0,1081.0,186,37076
550,2022-06-05,2022-06-15,Поисковая оптимизация,Яндекс,14456,Краснодар,198.0,43.0,27,4645
551,2022-06-05,2022-08-01,Соцсети,Вконтакте,24446,Москва,907.0,778.0,144,20790
552,2022-06-06,2022-10-05,Баннерная,Instagram,38066,Краснодар,1654.0,257.0,47,2920
553,2022-06-06,2022-08-07,Видеореклама,Яндекс,8812,Краснодар,827.0,192.0,77,18105
554,2022-06-07,2022-12-21,Нативная интеграция,Яндекс,39117,Краснодар,839.0,781.0,89,4930
556,2022-06-08,2022-06-24,Видеореклама,Telegram,21557,Екатеринбург,1272.0,973.0,186,41168
557,2022-06-08,2022-11-13,Контекстная,Вконтакте,29650,Новосибирск,1415.0,381.0,189,25852
558,2022-06-10,2022-11-24,Поисковая оптимизация,Instagram,3298,Нижний Новгород,489.0,77.0,9,2051
559,2022-06-10,2022-09-13,Поисковая оптимизация,Telegram,35105,Калуга,4397.0,764.0,153,10902
561,2022-06-10,2022-10-06,Соцсети,Вконтакте,32851,Санкт-Петербург,1824.0,263.0,131,14303
562,2022-06-10,2022-07-22,Соцсети,Яндекс,4981,Калуга,2283.0,251.0,44,2547
563,2022-06-11,2022-08-31,Видеореклама,Google,38961,Казань,1129.0,237.0,79,9395
565,2022-06-11,2022-10-07,Поисковая оптимизация,Telegram,16765,Новосибирск,1022.0,145.0,36,5285
566,2022-06-11,2022-10-08,Нативная интеграция,Вконтакте,1904,Краснодар,342.0,55.0,42,8294
567,2022-06-12,2022-10-14,Контекстная,Вконтакте,1035,Санкт-Петербург,3256.0,551.0,76,16932
568,2022-06-12,2022-09-26,Контекстная,Telegram,15217,Москва,438.0,373.0,105,12992
569,2022-06-12,2022-11-04,Видеореклама,Instagram,47699,Санкт-Петербург,405.0,357.0,69,8568
570,2022-06-12,2022-10-21,Поисковая оптимизация,Яндекс,20576,Казань,2864.0,709.0,110,7699
571,2022-06-12,2022-11-06,Нативная интеграция,Вконтакте,46248,Нижний Новгород,5612.0,682.0,116,15745
572,2022-06-12,2022-12-09,Нативная интеграция,Telegram,22100,Калуга,1199.0,215.0,74,14665
573,2022-06-13,2022-07-11,Нативная интеграция,Telegram,5311,Москва,1795.0,441.0,114,18290
574,2022-06-13,2022-12-06,Видеореклама,Google,36366,Екатеринбург,3031.0,730.0,131,16380
576,2022-06-13,2022-12-09,Нативная интеграция,Google,18375,Москва,6889.0,1330.0,139,24707
577,2022-06-14,2022-11-14,Нативная интеграция,Telegram,42936,Москва,1764.0,179.0,21,3197
578,2022-06-14,2022-09-27,Нативная интеграция,Вконтакте,7799,Москва,394.0,69.0,24,4267
579,2022-06-14,2022-08-20,Соцсети,Вконтакте,32345,Новосибирск,9250.0,1190.0,162,40429
580,2022-06-15,2022-11-20,Поисковая оптимизация,Вконтакте,28708,Калуга,929.0,140.0,41,8543
582,2022-06-15,2022-08-30,Контекстная,Instagram,33298,Нижний Новгород,3274.0,486.0,75,5461
583,2022-06-16,2022-12-02,Баннерная,Яндекс,6102,Нижний Новгород,6359.0,768.0,126,25062
584,2022-06-16,2022-06-27,Соцсети,Яндекс,18749,Калуга,1949.0,249.0,122,7553
585,2022-06-16,2022-08-20,Контекстная,Вконтакте,3595,Калуга,7772.0,1552.0,184,12861
587,2022-06-17,2022-09-08,Контекстная,Яндекс,43048,Санкт-Петербург,1119.0,479.0,103,24123
588,2022-06-17,2022-11-16,Соцсети,Telegram,19528,Екатеринбург,3433.0,415.0,164,37134
589,2022-06-17,2022-06-25,Поисковая оптимизация,Telegram,44583,Калуга,1821.0,393.0,131,31654
590,2022-06-18,2022-10-02,Контекстная,Яндекс,13337,Казань,6138.0,777.0,142,26539
591,2022-06-18,2022-11-12,Видеореклама,Google,12249,Нижний Новгород,3950.0,538.0,72,12692
592,2022-06-19,2022-11-13,Контекстная,Google,23453,Новосибирск,4861.0,793.0,114,18911
594,2022-06-19,2022-07-28,Соцсети,Google,28430,Нижний Новгород,1568.0,357.0,130,21670
595,2022-06-19,2022-10-01,Нативная интеграция,Telegram,35109,Калуга,2547.0,956.0,153,37884
596,2022-06-19,2022-10-02,Поисковая оптимизация,Google,23265,Казань,892.0,101.0,38,7313
597,2022-06-19,2022-12-19,Соцсети,Instagram,15444,Екатеринбург,69.0,19.0,10,1434
598,2022-06-19,2022-07-03,Соцсети,Telegram,14754,Екатеринбург,391.0,328.0,198,27758
599,2022-06-19,2022-07-06,Соцсети,Вконтакте,19211,Нижний Новгород,1048.0,420.0,132,24490
600,2022-06-20,2022-07-31,Нативная интеграция,Instagram,46105,Новосибирск,3163.0,711.0,141,9921
601,2022-06-20,2022-12-22,Поисковая оптимизация,Яндекс,45725,Новосибирск,3513.0,795.0,158,19097
602,2022-06-21,2022-07-01,Баннерная,Instagram,10455,Калуга,1064.0,202.0,176,26219
603,2022-06-21,2022-08-04,Баннерная,Telegram,37952,Казань,1423.0,597.0,95,15864
604,2022-06-21,2022-12-22,Баннерная,Яндекс,33039,Москва,1171.0,162.0,60,12617
605,2022-06-22,2022-10-08,Видеореклама,Google,10329,Санкт-Петербург,5554.0,760.0,175,16919
606,2022-06-22,2022-12-04,Видеореклама,Instagram,28996,Екатеринбург,2741.0,403.0,115,20018
607,2022-06-22,2022-12-10,Соцсети,Яндекс,32866,Нижний Новгород,2796.0,305.0,40,2348
608,2022-06-22,2022-10-08,Видеореклама,Яндекс,3131,Нижний Новгород,2107.0,656.0,68,10347
609,2022-06-23,2022-09-20,Видеореклама,Instagram,37253,Москва,8239.0,1157.0,160,34062
610,2022-06-23,2022-06-27,Контекстная,Вконтакте,12468,Краснодар,2704.0,1171.0,143,33372
611,2022-06-23,2022-10-02,Нативная интеграция,Google,15092,Казань,1248.0,289.0,76,13347
612,2022-06-23,2022-12-29,Поисковая оптимизация,Вконтакте,44130,Екатеринбург,2120.0,509.0,170,31838
614,2022-06-26,2022-10-25,Поисковая оптимизация,Яндекс,39086,Казань,1425.0,570.0,113,6610
615,2022-06-26,2022-08-10,Контекстная,Яндекс,47247,Москва,3187.0,323.0,164,17726
616,2022-06-26,2022-07-27,Нативная интеграция,Яндекс,5516,Санкт-Петербург,3710.0,468.0,77,17356
618,2022-06-27,2022-07-03,Нативная интеграция,Google,19457,Санкт-Петербург,377.0,126.0,66,9929
619,2022-06-27,2022-10-09,Поисковая оптимизация,Вконтакте,31152,Калуга,873.0,214.0,68,13175
620,2022-06-28,2022-10-09,Соцсети,Telegram,33272,Екатеринбург,898.0,140.0,20,1339
621,2022-06-28,2022-10-28,Нативная интеграция,Яндекс,45682,Краснодар,957.0,201.0,20,2497
622,2022-06-28,2022-10-30,Поисковая оптимизация,Instagram,49052,Екатеринбург,554.0,72.0,15,2464
623,2022-06-28,2022-11-05,Соцсети,Google,35586,Москва,1350.0,138.0,27,1393
624,2022-06-28,2022-07-29,Видеореклама,Instagram,34773,Нижний Новгород,780.0,330.0,142,20100
625,2022-06-28,2022-11-30,Контекстная,Google,14044,Санкт-Петербург,8376.0,879.0,154,29058
628,2022-07-01,2022-09-17,Контекстная,Яндекс,6647,Нижний Новгород,4452.0,646.0,122,23015
629,2022-07-01,2022-08-11,Соцсети,Google,22408,Казань,583.0,65.0,59,14277
631,2022-07-02,2022-08-19,Видеореклама,Яндекс,28294,Казань,461.0,94.0,53,2681
632,2022-07-02,2022-08-31,Видеореклама,Telegram,9255,Нижний Новгород,6686.0,696.0,145,27108
633,2022-07-03,2022-09-15,Поисковая оптимизация,Telegram,14874,Калуга,866.0,165.0,108,9832
634,2022-07-03,2022-08-14,Нативная интеграция,Instagram,28638,Казань,6263.0,657.0,110,22335
635,2022-07-03,2022-07-06,Баннерная,Вконтакте,42793,Казань,2363.0,290.0,158,37402
636,2022-07-04,2022-09-14,Баннерная,Яндекс,2847,Казань,1272.0,198.0,27,2124
638,2022-07-04,2022-11-27,Баннерная,Telegram,9842,Калуга,72.0,27.0,7,1682
639,2022-07-05,2022-08-15,Баннерная,Яндекс,16678,Санкт-Петербург,110.0,47.0,14,1399
640,2022-07-05,2022-11-23,Видеореклама,Instagram,16444,Москва,2539.0,458.0,131,12512
641,2022-07-05,2022-08-30,Поисковая оптимизация,Instagram,15676,Москва,71.0,22.0,18,3621
642,2022-07-06,2022-10-25,Контекстная,Telegram,28938,Новосибирск,1011.0,317.0,147,24877
643,2022-07-06,2022-12-29,Контекстная,Instagram,5281,Казань,4057.0,650.0,99,21916
644,2022-07-06,2022-12-11,Поисковая оптимизация,Вконтакте,46618,Новосибирск,2281.0,252.0,100,16092
645,2022-07-07,2022-07-30,Поисковая оптимизация,Telegram,6666,Новосибирск,422.0,78.0,48,4441
646,2022-07-07,2022-07-08,Поисковая оптимизация,Google,40703,Москва,1062.0,307.0,65,12564
647,2022-07-07,2022-07-15,Баннерная,Вконтакте,20312,Санкт-Петербург,5346.0,1047.0,150,11482
648,2022-07-08,2022-09-14,Видеореклама,Instagram,5161,Калуга,3548.0,449.0,118,18221
649,2022-07-08,2022-09-03,Видеореклама,Instagram,13220,Нижний Новгород,4370.0,536.0,91,4972
650,2022-07-08,2022-09-12,Соцсети,Яндекс,27646,Екатеринбург,18257.0,1947.0,197,10503
651,2022-07-09,2022-11-29,Видеореклама,Вконтакте,49121,Екатеринбург,4264.0,581.0,71,14637
652,2022-07-09,2022-10-08,Поисковая оптимизация,Вконтакте,21577,Нижний Новгород,467.0,125.0,23,3327
653,2022-07-09,2022-12-11,Баннерная,Яндекс,43191,Краснодар,4292.0,823.0,118,15491
655,2022-07-10,2022-10-04,Видеореклама,Яндекс,27396,Санкт-Петербург,371.0,76.0,25,2651
656,2022-07-10,2022-09-22,Нативная интеграция,Telegram,27369,Москва,1987.0,349.0,78,3972
657,2022-07-10,2022-08-16,Контекстная,Вконтакте,46288,Москва,449.0,165.0,160,10692
658,2022-07-10,2022-10-18,Видеореклама,Яндекс,33439,Калуга,2693.0,1018.0,104,5427
659,2022-07-10,2022-12-04,Контекстная,Instagram,24102,Екатеринбург,2155.0,629.0,94,15568
661,2022-07-11,2022-11-06,Поисковая оптимизация,Вконтакте,15210,Новосибирск,1094.0,534.0,194,10864
662,2022-07-11,2022-10-13,Соцсети,Яндекс,27910,Краснодар,161.0,49.0,11,2208
663,2022-07-11,2022-12-10,Поисковая оптимизация,Instagram,46778,Екатеринбург,1272.0,289.0,35,8105
664,2022-07-12,2022-07-28,Контекстная,Telegram,28193,Москва,1694.0,610.0,136,32374
665,2022-07-12,2022-10-07,Баннерная,Вконтакте,13057,Нижний Новгород,218.0,24.0,20,4139
667,2022-07-12,2022-10-21,Поисковая оптимизация,Вконтакте,26658,Екатеринбург,9591.0,1583.0,185,23891
668,2022-07-12,2022-10-12,Нативная интеграция,Вконтакте,36623,Казань,100.0,16.0,7,1607
669,2022-07-13,2022-09-09,Соцсети,Instagram,35876,Краснодар,850.0,105.0,65,3559
670,2022-07-13,2022-09-30,Видеореклама,Вконтакте,34066,Новосибирск,3543.0,833.0,103,25539
672,2022-07-13,2022-11-20,Контекстная,Telegram,24108,Екатеринбург,6439.0,716.0,194,19383
674,2022-07-14,2022-11-15,Нативная интеграция,Яндекс,46360,Москва,7580.0,843.0,180,20766
675,2022-07-14,2022-09-06,Видеореклама,Instagram,38898,Нижний Новгород,8692.0,1554.0,158,36846
676,2022-07-15,2022-08-31,Баннерная,Google,48348,Новосибирск,732.0,203.0,108,11889
677,2022-07-15,2022-11-24,Нативная интеграция,Вконтакте,6604,Краснодар,10933.0,1224.0,167,30856
678,2022-07-15,2022-12-01,Соцсети,Google,12257,Новосибирск,1393.0,1212.0,155,17952
679,2022-07-15,2022-08-09,Баннерная,Вконтакте,46128,Краснодар,2297.0,460.0,125,12424
680,2022-07-16,2022-10-08,Баннерная,Вконтакте,10900,Санкт-Петербург,3437.0,384.0,167,13745
685,2022-07-17,2022-11-06,Контекстная,Instagram,1373,Казань,1734.0,224.0,41,6217
686,2022-07-17,2022-12-30,Нативная интеграция,Вконтакте,3067,Новосибирск,450.0,271.0,124,8179
687,2022-07-18,2022-07-19,Соцсети,Telegram,27741,Новосибирск,993.0,441.0,186,29454
688,2022-07-19,2022-11-11,Видеореклама,Google,25791,Казань,87.0,67.0,7,1670
689,2022-07-19,2022-08-10,Соцсети,Telegram,31720,Новосибирск,1498.0,178.0,133,22932
690,2022-07-20,2022-11-21,Соцсети,Яндекс,19167,Краснодар,3984.0,783.0,197,29625
691,2022-07-20,2022-12-05,Баннерная,Telegram,6442,Казань,6379.0,729.0,196,28962
692,2022-07-20,2022-11-05,Баннерная,Instagram,3890,Москва,3290.0,1009.0,151,8899
693,2022-07-20,2022-07-28,Поисковая оптимизация,Telegram,32538,Екатеринбург,157.0,90.0,85,4941
694,2022-07-21,2022-11-22,Видеореклама,Google,30341,Новосибирск,866.0,137.0,40,7429
695,2022-07-21,2022-10-08,Поисковая оптимизация,Вконтакте,38261,Москва,6460.0,703.0,118,6660
698,2022-07-22,2022-08-06,Поисковая оптимизация,Вконтакте,4464,Калуга,2909.0,743.0,192,24384
699,2022-07-22,2022-09-24,Поисковая оптимизация,Яндекс,29375,Новосибирск,288.0,72.0,10,1520
700,2022-07-23,2022-08-22,Нативная интеграция,Вконтакте,3889,Екатеринбург,2426.0,487.0,98,6648
701,2022-07-23,2022-09-19,Видеореклама,Вконтакте,17905,Екатеринбург,3342.0,1000.0,139,15681
702,2022-07-23,2022-10-03,Поисковая оптимизация,Instagram,1176,Краснодар,1700.0,232.0,42,6006
703,2022-07-23,2022-08-03,Баннерная,Яндекс,45248,Нижний Новгород,291.0,37.0,9,2360
705,2022-07-24,2022-10-27,Поисковая оптимизация,Telegram,6978,Казань,2227.0,734.0,134,7238
707,2022-07-24,2022-08-03,Видеореклама,Telegram,32000,Нижний Новгород,2504.0,305.0,32,2517
708,2022-07-24,2022-12-24,Нативная интеграция,Вконтакте,29461,Калуга,1236.0,863.0,125,20763
709,2022-07-24,2022-10-14,Видеореклама,Telegram,30661,Казань,3195.0,405.0,71,13782
710,2022-07-24,2022-11-06,Нативная интеграция,Telegram,23267,Калуга,3852.0,537.0,101,12127
711,2022-07-24,2022-10-23,Баннерная,Telegram,10038,Калуга,1861.0,941.0,180,41754
714,2022-07-25,2022-11-26,Контекстная,Telegram,39453,Краснодар,1516.0,555.0,108,22052
715,2022-07-25,2022-08-04,Поисковая оптимизация,Instagram,13921,Нижний Новгород,908.0,105.0,55,6977
717,2022-07-25,2022-09-12,Соцсети,Яндекс,12194,Краснодар,2271.0,534.0,74,5635
718,2022-07-26,2022-09-07,Баннерная,Telegram,32375,Краснодар,1708.0,172.0,24,3072
720,2022-07-26,2022-12-16,Нативная интеграция,Вконтакте,42847,Новосибирск,1279.0,144.0,30,5522
721,2022-07-27,2022-10-11,Нативная интеграция,Яндекс,24187,Казань,64.0,27.0,5,1297
724,2022-07-27,2022-09-17,Поисковая оптимизация,Google,11708,Москва,6872.0,739.0,94,17739
725,2022-07-28,2022-08-05,Нативная интеграция,Instagram,16912,Екатеринбург,6618.0,1205.0,133,25489
726,2022-07-28,2022-12-18,Контекстная,Instagram,28725,Нижний Новгород,3529.0,473.0,136,6869
727,2022-07-28,2022-08-06,Контекстная,Instagram,24200,Екатеринбург,277.0,37.0,29,5298
728,2022-07-29,2022-09-24,Баннерная,Google,4928,Санкт-Петербург,4989.0,513.0,106,13430
729,2022-07-29,2022-07-29,Контекстная,Instagram,28362,Новосибирск,5507.0,696.0,99,12401
730,2022-07-29,2022-08-17,Видеореклама,Вконтакте,49788,Краснодар,402.0,107.0,65,4438
731,2022-07-30,2022-08-28,Соцсети,Вконтакте,2928,Санкт-Петербург,3261.0,567.0,63,13160
732,2022-07-30,2022-09-20,Поисковая оптимизация,Яндекс,49947,Казань,472.0,179.0,24,4007
736,2022-08-01,2022-10-30,Видеореклама,Telegram,33664,Санкт-Петербург,13925.0,1505.0,176,22863
739,2022-08-01,2022-12-05,Нативная интеграция,Telegram,1881,Калуга,5605.0,787.0,91,13429
740,2022-08-02,2022-08-28,Видеореклама,Вконтакте,7885,Нижний Новгород,4804.0,882.0,97,19033
742,2022-08-02,2022-09-10,Поисковая оптимизация,Google,39914,Санкт-Петербург,1388.0,142.0,28,6355
743,2022-08-02,2022-10-05,Контекстная,Яндекс,21524,Санкт-Петербург,959.0,533.0,199,10623
744,2022-08-02,2022-09-08,Видеореклама,Вконтакте,6713,Казань,1340.0,590.0,166,33367
745,2022-08-03,2022-12-24,Нативная интеграция,Google,14239,Санкт-Петербург,3779.0,513.0,79,14490
747,2022-08-03,2022-09-06,Контекстная,Яндекс,33499,Москва,4110.0,795.0,161,31952
748,2022-08-04,2022-11-15,Видеореклама,Вконтакте,26867,Казань,678.0,110.0,69,10543
749,2022-08-04,2022-09-19,Контекстная,Telegram,33826,Новосибирск,12782.0,1464.0,181,11252
750,2022-08-04,2022-12-23,Нативная интеграция,Telegram,1388,Казань,1025.0,117.0,19,3635
751,2022-08-05,2022-12-26,Нативная интеграция,Google,44412,Санкт-Петербург,2077.0,536.0,179,23345
752,2022-08-05,2022-08-22,Соцсети,Telegram,25885,Екатеринбург,369.0,102.0,60,6084
753,2022-08-05,2022-12-04,Баннерная,Вконтакте,1892,Москва,1014.0,109.0,80,12655
754,2022-08-05,2022-08-24,Поисковая оптимизация,Instagram,13019,Новосибирск,3881.0,1095.0,191,17666
755,2022-08-06,2022-08-07,Нативная интеграция,Яндекс,43713,Казань,3124.0,846.0,140,19068
756,2022-08-06,2022-08-30,Видеореклама,Вконтакте,46400,Санкт-Петербург,5522.0,808.0,81,19167
757,2022-08-07,2022-12-19,Контекстная,Instagram,28999,Нижний Новгород,1849.0,456.0,58,10730
758,2022-08-07,2022-11-21,Баннерная,Яндекс,41836,Нижний Новгород,1418.0,148.0,19,3006
761,2022-08-08,2022-09-12,Соцсети,Вконтакте,46189,Москва,482.0,179.0,138,15680
762,2022-08-08,2022-12-14,Нативная интеграция,Google,28242,Краснодар,569.0,236.0,146,17904
763,2022-08-08,2022-08-16,Нативная интеграция,Google,15739,Краснодар,2247.0,338.0,77,8902
764,2022-08-09,2022-08-23,Поисковая оптимизация,Вконтакте,18160,Калуга,10803.0,1214.0,166,17537
766,2022-08-09,2022-10-29,Контекстная,Google,21825,Краснодар,2554.0,556.0,87,8236
767,2022-08-09,2022-08-31,Баннерная,Google,7821,Краснодар,2013.0,292.0,88,8675
768,2022-08-09,2022-11-12,Соцсети,Instagram,48132,Москва,5612.0,697.0,91,21292
769,2022-08-11,2022-08-31,Поисковая оптимизация,Instagram,6053,Калуга,1786.0,188.0,55,10664
770,2022-08-11,2022-10-23,Соцсети,Вконтакте,8528,Краснодар,2093.0,1575.0,179,12705
771,2022-08-12,2022-10-25,Баннерная,Вконтакте,5519,Новосибирск,3545.0,456.0,163,27544
772,2022-08-12,2022-10-09,Поисковая оптимизация,Вконтакте,19415,Краснодар,6774.0,968.0,160,25419
773,2022-08-12,2022-12-20,Видеореклама,Google,10554,Москва,637.0,71.0,8,1496
774,2022-08-13,2022-09-09,Видеореклама,Instagram,46700,Санкт-Петербург,2489.0,754.0,116,16727
775,2022-08-13,2022-09-29,Видеореклама,Telegram,13811,Краснодар,9247.0,988.0,120,14890
777,2022-08-13,2022-10-08,Поисковая оптимизация,Вконтакте,27027,Москва,1024.0,174.0,129,10846
778,2022-08-13,2022-10-25,Контекстная,Instagram,45207,Екатеринбург,513.0,187.0,76,14800
780,2022-08-14,2022-09-01,Нативная интеграция,Google,15440,Москва,1283.0,290.0,40,2891
781,2022-08-14,2022-12-26,Контекстная,Telegram,21923,Краснодар,2151.0,230.0,58,9809
782,2022-08-15,2022-11-29,Нативная интеграция,Instagram,31708,Новосибирск,782.0,772.0,140,26387
783,2022-08-15,2022-10-06,Видеореклама,Яндекс,49909,Калуга,139.0,18.0,13,2082
784,2022-08-15,2022-08-19,Поисковая оптимизация,Google,32770,Санкт-Петербург,437.0,67.0,10,1418
785,2022-08-16,2022-11-29,Нативная интеграция,Google,43183,Казань,5185.0,942.0,187,27784
787,2022-08-17,2022-09-05,Баннерная,Instagram,13411,Новосибирск,449.0,89.0,62,10692
788,2022-08-18,2022-11-10,Видеореклама,Яндекс,20123,Калуга,3728.0,773.0,77,11416
789,2022-08-18,2022-10-04,Соцсети,Instagram,37983,Краснодар,9034.0,1771.0,194,39978
790,2022-08-18,2022-10-20,Контекстная,Google,1365,Екатеринбург,965.0,900.0,172,18443
791,2022-08-18,2022-09-10,Поисковая оптимизация,Instagram,31346,Краснодар,4184.0,1358.0,144,24865
792,2022-08-18,2022-12-13,Поисковая оптимизация,Instagram,16343,Екатеринбург,2727.0,813.0,102,21856
794,2022-08-19,2022-10-19,Видеореклама,Telegram,15419,Калуга,7484.0,912.0,127,29179
795,2022-08-19,2022-09-01,Видеореклама,Вконтакте,24468,Краснодар,1690.0,427.0,45,8306
796,2022-08-19,2022-11-29,Нативная интеграция,Вконтакте,15222,Новосибирск,1984.0,201.0,161,14748
797,2022-08-20,2022-09-06,Баннерная,Telegram,49738,Москва,1242.0,132.0,28,2546
798,2022-08-20,2022-12-13,Контекстная,Telegram,4880,Краснодар,7488.0,920.0,104,23464
799,2022-08-20,2022-11-22,Видеореклама,Вконтакте,23977,Москва,888.0,143.0,87,4741
800,2022-08-21,2022-09-13,Видеореклама,Instagram,8758,Москва,2824.0,1174.0,166,30769
801,2022-08-22,2022-09-21,Поисковая оптимизация,Instagram,21759,Казань,1384.0,886.0,154,26943
803,2022-08-23,2022-10-01,Баннерная,Instagram,45409,Москва,1145.0,1026.0,122,24469
804,2022-08-24,2022-11-18,Контекстная,Вконтакте,15758,Екатеринбург,3878.0,642.0,92,14664
805,2022-08-25,2022-11-29,Нативная интеграция,Telegram,45833,Казань,6578.0,1137.0,183,44772
806,2022-08-25,2022-09-13,Баннерная,Instagram,36587,Казань,978.0,258.0,106,13751
807,2022-08-25,2022-12-03,Соцсети,Яндекс,38736,Москва,5423.0,708.0,88,12460
808,2022-08-26,2022-11-13,Видеореклама,Telegram,45634,Казань,1274.0,154.0,96,4901
809,2022-08-26,2022-11-07,Видеореклама,Telegram,3749,Калуга,345.0,49.0,41,4170
810,2022-08-26,2022-11-02,Контекстная,Telegram,29686,Казань,13653.0,1431.0,192,12141
811,2022-08-26,2022-09-26,Контекстная,Вконтакте,42085,Екатеринбург,1013.0,738.0,146,18984
812,2022-08-26,2022-09-13,Баннерная,Яндекс,32921,Нижний Новгород,454.0,47.0,7,699
813,2022-08-27,2022-08-31,Баннерная,Google,43238,Новосибирск,2112.0,1327.0,192,45792
814,2022-08-27,2022-12-27,Баннерная,Instagram,12550,Краснодар,1407.0,193.0,23,3212
817,2022-08-27,2022-12-20,Нативная интеграция,Яндекс,14858,Екатеринбург,268.0,207.0,40,10068
818,2022-08-27,2022-10-07,Поисковая оптимизация,Яндекс,4608,Краснодар,3865.0,425.0,91,16087
819,2022-08-27,2022-11-21,Баннерная,Яндекс,27429,Москва,5003.0,1114.0,132,24775
820,2022-08-28,2022-11-08,Баннерная,Instagram,38438,Казань,6668.0,1345.0,182,42425
821,2022-08-28,2022-09-29,Видеореклама,Google,45007,Санкт-Петербург,7711.0,807.0,140,26018
822,2022-08-28,2022-11-22,Соцсети,Яндекс,10081,Казань,3358.0,746.0,81,4149
823,2022-08-28,2022-12-05,Нативная интеграция,Instagram,12644,Краснодар,547.0,78.0,10,1006
825,2022-08-30,2022-12-17,Поисковая оптимизация,Google,3358,Казань,2681.0,372.0,41,9510
827,2022-08-30,2022-12-27,Нативная интеграция,Яндекс,6326,Москва,523.0,80.0,9,1099
829,2022-08-30,2022-10-20,Баннерная,Telegram,29189,Екатеринбург,1479.0,407.0,160,12006
830,2022-08-30,2022-10-02,Видеореклама,Вконтакте,13349,Нижний Новгород,1683.0,189.0,99,6344
831,2022-08-30,2022-11-12,Контекстная,Instagram,9515,Новосибирск,3235.0,438.0,78,14805
832,2022-08-31,2022-10-21,Поисковая оптимизация,Telegram,23484,Калуга,1350.0,563.0,65,10316
833,2022-08-31,2022-11-22,Видеореклама,Яндекс,28407,Казань,4970.0,812.0,103,22999
834,2022-08-31,2022-12-18,Контекстная,Яндекс,2312,Краснодар,1926.0,682.0,71,16833
835,2022-08-31,2022-11-24,Поисковая оптимизация,Instagram,47735,Краснодар,2015.0,533.0,147,12380
836,2022-08-31,2022-11-08,Видеореклама,Google,47199,Екатеринбург,2063.0,850.0,185,44356
837,2022-08-31,2022-12-02,Нативная интеграция,Telegram,43427,Новосибирск,4181.0,589.0,93,15313
838,2022-09-01,2022-09-16,Нативная интеграция,Instagram,17706,Казань,7789.0,1131.0,153,26395
839,2022-09-01,2022-12-02,Соцсети,Telegram,7715,Москва,2921.0,349.0,92,17018
840,2022-09-01,2022-09-06,Поисковая оптимизация,Telegram,6562,Калуга,56.0,30.0,19,2384
841,2022-09-01,2022-11-12,Соцсети,Instagram,47526,Калуга,1918.0,344.0,118,17422
842,2022-09-01,2022-10-30,Соцсети,Google,22651,Казань,892.0,169.0,18,3352
843,2022-09-02,2022-10-06,Баннерная,Яндекс,11744,Краснодар,3103.0,549.0,101,18467
844,2022-09-02,2022-09-05,Поисковая оптимизация,Яндекс,19864,Краснодар,912.0,199.0,81,15974
845,2022-09-02,2022-10-10,Видеореклама,Instagram,35550,Краснодар,601.0,306.0,32,3727
846,2022-09-02,2022-12-02,Баннерная,Вконтакте,7152,Екатеринбург,504.0,108.0,12,1305
847,2022-09-03,2022-09-09,Поисковая оптимизация,Instagram,46083,Казань,4351.0,966.0,181,44740
849,2022-09-03,2022-10-04,Поисковая оптимизация,Яндекс,3347,Казань,5108.0,550.0,158,22144
851,2022-09-03,2022-11-18,Поисковая оптимизация,Яндекс,9893,Казань,1213.0,297.0,45,3608
852,2022-09-04,2022-09-24,Баннерная,Google,43570,Калуга,8927.0,948.0,110,14015
853,2022-09-04,2022-12-30,Соцсети,Google,30050,Екатеринбург,267.0,135.0,42,3908
856,2022-09-05,2022-11-11,Соцсети,Вконтакте,2943,Екатеринбург,1977.0,263.0,72,15702
858,2022-09-05,2022-09-11,Контекстная,Telegram,44984,Москва,1526.0,207.0,117,13794
859,2022-09-06,2022-11-16,Видеореклама,Яндекс,19748,Санкт-Петербург,2218.0,270.0,53,7522
860,2022-09-06,2022-11-07,Контекстная,Telegram,26973,Москва,6438.0,970.0,191,42225
861,2022-09-07,2022-09-17,Нативная интеграция,Яндекс,47548,Казань,1136.0,266.0,157,12777
862,2022-09-09,2022-09-24,Контекстная,Instagram,21708,Калуга,2743.0,487.0,115,25300
863,2022-09-09,2022-10-22,Контекстная,Instagram,4343,Казань,1117.0,389.0,139,32871
864,2022-09-09,2022-10-05,Контекстная,Вконтакте,41750,Казань,6413.0,793.0,131,13679
866,2022-09-10,2022-11-11,Контекстная,Вконтакте,29360,Краснодар,589.0,395.0,78,18084
868,2022-09-11,2022-09-20,Поисковая оптимизация,Instagram,15407,Москва,3843.0,420.0,53,4992
869,2022-09-11,2022-09-28,Нативная интеграция,Вконтакте,31437,Санкт-Петербург,341.0,56.0,31,1684
870,2022-09-12,2022-11-29,Контекстная,Telegram,11673,Нижний Новгород,796.0,522.0,79,12757
871,2022-09-12,2022-09-17,Контекстная,Instagram,15672,Новосибирск,2189.0,263.0,104,13376
872,2022-09-12,2022-12-25,Нативная интеграция,Instagram,7926,Москва,402.0,71.0,20,4337
873,2022-09-12,2022-11-10,Видеореклама,Google,44561,Нижний Новгород,6708.0,745.0,174,9646
874,2022-09-12,2022-10-08,Соцсети,Instagram,35550,Новосибирск,7573.0,1060.0,133,17758
875,2022-09-13,2022-12-06,Нативная интеграция,Google,16261,Краснодар,716.0,172.0,32,2026
877,2022-09-13,2022-10-30,Баннерная,Telegram,18486,Калуга,1050.0,221.0,23,4186
878,2022-09-14,2022-12-21,Нативная интеграция,Instagram,43572,Калуга,7154.0,1033.0,175,14593
879,2022-09-14,2022-10-17,Поисковая оптимизация,Telegram,36640,Новосибирск,2858.0,576.0,86,20307
880,2022-09-15,2022-12-09,Контекстная,Instagram,25375,Москва,291.0,63.0,30,5963
881,2022-09-15,2022-10-24,Видеореклама,Вконтакте,4876,Калуга,2534.0,633.0,65,15973
882,2022-09-15,2022-12-27,Поисковая оптимизация,Яндекс,27220,Новосибирск,3425.0,1243.0,149,10918
883,2022-09-15,2022-11-22,Контекстная,Вконтакте,47484,Москва,13983.0,1790.0,191,36654
884,2022-09-15,2022-10-14,Контекстная,Яндекс,14217,Калуга,1449.0,202.0,40,5616
886,2022-09-15,2022-12-06,Баннерная,Instagram,35308,Екатеринбург,460.0,440.0,184,27103
887,2022-09-16,2022-10-28,Баннерная,Яндекс,26686,Краснодар,6895.0,1136.0,132,14377
888,2022-09-16,2022-10-07,Видеореклама,Google,25901,Нижний Новгород,581.0,464.0,194,35383
890,2022-09-18,2022-12-05,Нативная интеграция,Telegram,40287,Новосибирск,2766.0,314.0,58,13111
891,2022-09-18,2022-09-28,Нативная интеграция,Telegram,10035,Москва,3692.0,1012.0,189,30692
892,2022-09-18,2022-12-05,Соцсети,Instagram,19287,Москва,3949.0,1195.0,173,10779
893,2022-09-19,2022-11-11,Соцсети,Telegram,38975,Калуга,1041.0,116.0,96,8572
894,2022-09-19,2022-10-15,Соцсети,Telegram,12035,Екатеринбург,858.0,114.0,23,5434
895,2022-09-19,2022-11-20,Видеореклама,Instagram,3890,Нижний Новгород,3360.0,906.0,167,21986
896,2022-09-19,2022-12-16,Соцсети,Instagram,23098,Краснодар,1995.0,237.0,158,8033
897,2022-09-19,2022-09-23,Контекстная,Telegram,31966,Санкт-Петербург,841.0,191.0,162,17190
898,2022-09-19,2022-11-12,Контекстная,Вконтакте,13043,Санкт-Петербург,640.0,231.0,53,10810
899,2022-09-19,2022-10-07,Соцсети,Google,22137,Москва,3425.0,1136.0,163,23168
900,2022-09-20,2022-12-02,Контекстная,Telegram,37330,Москва,8970.0,1726.0,199,26175
903,2022-09-21,2022-12-06,Поисковая оптимизация,Telegram,18036,Нижний Новгород,3841.0,1718.0,198,28892
904,2022-09-21,2022-10-06,Контекстная,Telegram,4085,Калуга,826.0,419.0,96,15168
905,2022-09-21,2022-10-07,Нативная интеграция,Telegram,24416,Екатеринбург,14195.0,1438.0,173,10477
906,2022-09-21,2022-10-02,Нативная интеграция,Google,32683,Нижний Новгород,1168.0,227.0,48,4847
907,2022-09-22,2022-10-13,Видеореклама,Instagram,33466,Краснодар,2513.0,457.0,64,8010
908,2022-09-23,2022-10-25,Баннерная,Яндекс,30395,Новосибирск,1490.0,447.0,186,30543
909,2022-09-23,2022-10-26,Поисковая оптимизация,Вконтакте,38291,Нижний Новгород,11302.0,1256.0,164,39762
910,2022-09-24,2022-12-08,Соцсети,Вконтакте,8888,Казань,2433.0,945.0,195,45343
911,2022-09-24,2022-12-19,Видеореклама,Instagram,47704,Калуга,984.0,406.0,130,31633
912,2022-09-25,2022-11-18,Нативная интеграция,Telegram,9334,Москва,9180.0,1303.0,151,37444
913,2022-09-25,2022-11-12,Нативная интеграция,Яндекс,44517,Екатеринбург,3415.0,638.0,109,12646
914,2022-09-26,2022-10-04,Видеореклама,Яндекс,25357,Москва,862.0,161.0,53,4482
915,2022-09-26,2022-12-06,Нативная интеграция,Яндекс,12218,Новосибирск,1527.0,684.0,152,28024
916,2022-09-26,2022-11-22,Баннерная,Яндекс,45215,Санкт-Петербург,9156.0,1481.0,158,9891
917,2022-09-26,2022-11-30,Соцсети,Вконтакте,21539,Новосибирск,323.0,263.0,115,19163
918,2022-09-27,2022-12-10,Видеореклама,Вконтакте,25504,Казань,978.0,455.0,114,28430
919,2022-09-27,2022-12-24,Поисковая оптимизация,Яндекс,30398,Калуга,562.0,166.0,26,5501
921,2022-09-27,2022-12-07,Поисковая оптимизация,Telegram,23248,Санкт-Петербург,808.0,208.0,21,2096
922,2022-09-27,2022-12-02,Контекстная,Instagram,47243,Краснодар,982.0,117.0,15,1303
923,2022-09-28,2022-11-22,Поисковая оптимизация,Instagram,23520,Санкт-Петербург,4807.0,510.0,141,31874
924,2022-09-28,2022-11-05,Видеореклама,Вконтакте,24110,Казань,270.0,27.0,21,4259
925,2022-09-28,2022-11-28,Нативная интеграция,Яндекс,25802,Калуга,3383.0,442.0,138,13316
926,2022-09-28,2022-10-10,Баннерная,Instagram,24628,Нижний Новгород,780.0,168.0,167,27136
927,2022-09-28,2022-12-20,Контекстная,Вконтакте,47262,Екатеринбург,607.0,67.0,23,1339
928,2022-09-29,2022-12-08,Контекстная,Вконтакте,8828,Казань,918.0,228.0,177,34774
929,2022-09-29,2022-12-07,Соцсети,Вконтакте,19473,Москва,2713.0,383.0,54,10745
930,2022-09-29,2022-11-19,Контекстная,Вконтакте,48105,Новосибирск,11597.0,1482.0,169,39439
931,2022-09-30,2022-10-27,Контекстная,Яндекс,32783,Новосибирск,10620.0,1174.0,179,26615
932,2022-09-30,2022-11-05,Контекстная,Яндекс,30042,Новосибирск,3383.0,703.0,107,21354
934,2022-09-30,2022-12-19,Нативная интеграция,Вконтакте,17752,Санкт-Петербург,496.0,53.0,46,5628
935,2022-09-30,2022-12-21,Баннерная,Яндекс,39774,Екатеринбург,952.0,465.0,111,22885
936,2022-10-01,2022-10-29,Нативная интеграция,Instagram,28697,Нижний Новгород,845.0,89.0,82,20308
937,2022-10-02,2022-11-11,Нативная интеграция,Google,42043,Калуга,655.0,331.0,74,7650
938,2022-10-02,2022-12-08,Нативная интеграция,Яндекс,2150,Санкт-Петербург,326.0,94.0,59,12982
939,2022-10-02,2022-10-11,Баннерная,Вконтакте,38582,Нижний Новгород,3612.0,482.0,180,16019
940,2022-10-02,2022-12-22,Контекстная,Instagram,21613,Санкт-Петербург,4988.0,1071.0,122,11793
941,2022-10-02,2022-12-08,Поисковая оптимизация,Telegram,42825,Калуга,216.0,30.0,14,3271
942,2022-10-02,2022-10-19,Поисковая оптимизация,Telegram,35115,Санкт-Петербург,748.0,207.0,79,15204
943,2022-10-02,2022-10-13,Видеореклама,Вконтакте,26602,Екатеринбург,3326.0,364.0,55,7043
945,2022-10-03,2022-12-07,Видеореклама,Instagram,7699,Москва,2441.0,341.0,63,4091
946,2022-10-03,2022-10-28,Контекстная,Вконтакте,36733,Новосибирск,5306.0,1441.0,184,28591
947,2022-10-03,2022-10-18,Нативная интеграция,Google,14953,Краснодар,2572.0,287.0,132,12237
948,2022-10-04,2022-12-08,Контекстная,Google,11737,Краснодар,1353.0,387.0,67,6090
950,2022-10-05,2022-11-01,Контекстная,Вконтакте,45753,Новосибирск,1277.0,668.0,119,21500
951,2022-10-06,2022-12-10,Нативная интеграция,Яндекс,35425,Санкт-Петербург,4434.0,901.0,114,7520
952,2022-10-06,2022-10-27,Видеореклама,Telegram,3966,Новосибирск,3081.0,863.0,199,36549
953,2022-10-06,2022-11-28,Нативная интеграция,Telegram,23206,Нижний Новгород,4509.0,550.0,56,3609
954,2022-10-06,2022-11-22,Соцсети,Вконтакте,25493,Москва,3042.0,459.0,148,24595
955,2022-10-07,2022-11-20,Видеореклама,Telegram,45684,Екатеринбург,493.0,312.0,79,18239
956,2022-10-07,2022-10-29,Нативная интеграция,Google,18830,Калуга,13078.0,1487.0,149,22042
958,2022-10-07,2022-12-02,Контекстная,Яндекс,4916,Краснодар,4335.0,829.0,107,13534
959,2022-10-07,2022-12-29,Видеореклама,Вконтакте,16629,Нижний Новгород,2338.0,653.0,168,30994
962,2022-10-08,2022-10-15,Соцсети,Telegram,11471,Москва,2796.0,446.0,59,4025
963,2022-10-09,2022-10-30,Поисковая оптимизация,Google,36518,Екатеринбург,13052.0,1395.0,167,10599
964,2022-10-09,2022-11-09,Видеореклама,Google,15605,Нижний Новгород,7889.0,1480.0,166,10729
965,2022-10-10,2022-10-15,Баннерная,Яндекс,31914,Нижний Новгород,1221.0,175.0,27,1438
966,2022-10-11,2022-12-22,Соцсети,Telegram,6486,Нижний Новгород,1174.0,165.0,44,6689
967,2022-10-11,2022-11-28,Нативная интеграция,Telegram,18153,Калуга,3388.0,446.0,136,30962
968,2022-10-11,2022-11-14,Поисковая оптимизация,Вконтакте,37464,Новосибирск,251.0,64.0,16,4092
969,2022-10-12,2022-10-25,Контекстная,Instagram,42665,Санкт-Петербург,3653.0,558.0,87,12500
970,2022-10-12,2022-11-11,Соцсети,Google,15148,Екатеринбург,5530.0,1813.0,197,37572
971,2022-10-12,2022-10-28,Контекстная,Вконтакте,9031,Санкт-Петербург,1195.0,205.0,75,6720
972,2022-10-12,2022-10-12,Поисковая оптимизация,Google,13736,Новосибирск,2830.0,686.0,83,12162
973,2022-10-13,2022-12-09,Контекстная,Вконтакте,37611,Калуга,4331.0,1023.0,163,31866
974,2022-10-13,2022-12-19,Поисковая оптимизация,Instagram,22108,Калуга,6169.0,664.0,142,28174
975,2022-10-13,2022-11-30,Контекстная,Яндекс,48777,Калуга,1109.0,895.0,155,8117
976,2022-10-13,2022-10-26,Поисковая оптимизация,Telegram,7381,Казань,407.0,148.0,38,8208
977,2022-10-14,2022-12-09,Баннерная,Instagram,9369,Новосибирск,1949.0,242.0,122,12553
978,2022-10-14,2022-11-10,Соцсети,Instagram,46289,Нижний Новгород,1282.0,642.0,126,26734
979,2022-10-15,2022-12-28,Поисковая оптимизация,Google,26316,Казань,3734.0,1413.0,149,15651
980,2022-10-15,2022-10-23,Соцсети,Instagram,23782,Санкт-Петербург,2341.0,295.0,134,28515
981,2022-10-15,2022-12-18,Соцсети,Вконтакте,15486,Екатеринбург,8394.0,899.0,95,20231
982,2022-10-16,2022-10-25,Контекстная,Яндекс,1949,Санкт-Петербург,466.0,166.0,34,3888
983,2022-10-17,2022-11-28,Поисковая оптимизация,Вконтакте,14191,Екатеринбург,1184.0,218.0,83,16884
984,2022-10-18,2022-12-17,Нативная интеграция,Instagram,20458,Санкт-Петербург,937.0,117.0,96,17478
985,2022-10-18,2022-11-30,Контекстная,Instagram,14608,Санкт-Петербург,5860.0,1640.0,196,30184
986,2022-10-18,2022-10-29,Видеореклама,Instagram,13649,Нижний Новгород,1999.0,405.0,46,3706
987,2022-10-19,2022-12-29,Соцсети,Google,45294,Москва,419.0,101.0,12,1095
988,2022-10-19,2022-12-08,Видеореклама,Google,10114,Нижний Новгород,3912.0,858.0,94,17010
989,2022-10-19,2022-12-27,Поисковая оптимизация,Вконтакте,3397,Новосибирск,1118.0,208.0,99,15062
990,2022-10-19,2022-11-24,Поисковая оптимизация,Google,5315,Москва,778.0,83.0,69,16718
991,2022-10-19,2022-10-21,Нативная интеграция,Вконтакте,31976,Нижний Новгород,14352.0,1753.0,192,34581
992,2022-10-19,2022-12-29,Соцсети,Google,35492,Казань,3023.0,605.0,173,34619
993,2022-10-20,2022-11-14,Баннерная,Яндекс,44045,Санкт-Петербург,330.0,50.0,17,4284
994,2022-10-20,2022-12-17,Баннерная,Вконтакте,23403,Казань,7659.0,1811.0,183,44326
996,2022-10-21,2022-12-09,Видеореклама,Яндекс,36833,Новосибирск,2724.0,335.0,68,7860
997,2022-10-21,2022-11-30,Поисковая оптимизация,Вконтакте,5544,Казань,1616.0,209.0,75,16034
998,2022-10-21,2022-10-21,Видеореклама,Яндекс,26494,Новосибирск,1857.0,1214.0,185,17034
999,2022-10-22,2022-12-15,Нативная интеграция,Яндекс,19320,Санкт-Петербург,140.0,18.0,5,440
1000,2022-10-22,2022-10-22,Видеореклама,Instagram,7644,Казань,797.0,388.0,162,12895
1001,2022-10-23,2022-12-23,Видеореклама,Google,2757,Краснодар,344.0,34.0,5,540
1002,2022-10-23,2022-12-12,Нативная интеграция,Instagram,32084,Санкт-Петербург,2210.0,296.0,112,28043
1004,2022-10-23,2022-12-19,Поисковая оптимизация,Google,23990,Екатеринбург,8836.0,1046.0,115,18913
1006,2022-10-24,2022-12-24,Соцсети,Telegram,48131,Екатеринбург,1474.0,248.0,54,7378
1007,2022-10-24,2022-11-13,Контекстная,Telegram,41268,Новосибирск,13308.0,1587.0,160,25070
1008,2022-10-24,2022-12-10,Поисковая оптимизация,Telegram,47090,Екатеринбург,345.0,321.0,35,3448
1009,2022-10-24,2022-12-16,Контекстная,Яндекс,19126,Калуга,1346.0,374.0,45,10929
1010,2022-10-25,2022-12-01,Нативная интеграция,Instagram,4991,Москва,8777.0,1354.0,171,33126
1011,2022-10-25,2022-12-15,Видеореклама,Google,44643,Краснодар,7351.0,1132.0,114,15595
1012,2022-10-25,2022-12-25,Поисковая оптимизация,Instagram,43794,Казань,6993.0,1079.0,165,37710
1013,2022-10-26,2022-12-26,Соцсети,Вконтакте,47634,Нижний Новгород,3143.0,554.0,77,12114
1014,2022-10-26,2022-11-25,Поисковая оптимизация,Яндекс,17908,Калуга,3659.0,830.0,141,8435
1015,2022-10-26,2022-12-07,Соцсети,Google,8471,Москва,286.0,59.0,15,3667
1016,2022-10-26,2022-12-29,Контекстная,Telegram,16986,Москва,2885.0,426.0,158,10395
1017,2022-10-26,2022-11-15,Соцсети,Google,4805,Нижний Новгород,1112.0,404.0,95,13296
1018,2022-10-26,2022-11-29,Баннерная,Google,22744,Казань,240.0,107.0,78,12498
1020,2022-10-27,2022-12-10,Видеореклама,Google,36107,Санкт-Петербург,7095.0,1297.0,133,18808
1021,2022-10-27,2022-11-08,Баннерная,Google,47620,Краснодар,307.0,49.0,8,1862
1023,2022-10-27,2022-12-10,Видеореклама,Вконтакте,17211,Санкт-Петербург,271.0,131.0,38,5566
1025,2022-10-27,2022-11-21,Соцсети,Яндекс,25000,Казань,1129.0,553.0,131,27205
1027,2022-10-27,2022-11-25,Поисковая оптимизация,Instagram,4237,Новосибирск,4808.0,805.0,161,15283
1028,2022-10-28,2022-12-26,Поисковая оптимизация,Google,9360,Екатеринбург,10444.0,1138.0,117,9198
1029,2022-10-28,2022-11-23,Нативная интеграция,Google,26041,Нижний Новгород,5736.0,575.0,180,22332
1032,2022-10-29,2022-11-30,Нативная интеграция,Google,33471,Санкт-Петербург,5955.0,1246.0,161,8180
1033,2022-10-29,2022-10-29,Видеореклама,Яндекс,49445,Екатеринбург,4776.0,1118.0,194,33895
1035,2022-10-29,2022-12-14,Поисковая оптимизация,Telegram,19494,Санкт-Петербург,1089.0,514.0,133,18772
1036,2022-10-29,2022-12-30,Соцсети,Вконтакте,24609,Краснодар,2449.0,284.0,52,8027
1038,2022-10-29,2022-11-24,Баннерная,Instagram,16518,Краснодар,2050.0,240.0,47,8433
1039,2022-10-30,2022-11-27,Нативная интеграция,Google,12869,Краснодар,2288.0,1091.0,156,10018
1040,2022-10-30,2022-11-12,Нативная интеграция,Telegram,27729,Краснодар,113.0,72.0,13,2807
1041,2022-10-30,2022-11-24,Нативная интеграция,Instagram,35665,Калуга,2090.0,336.0,56,11245
1042,2022-11-01,2022-11-20,Видеореклама,Instagram,30585,Новосибирск,1277.0,330.0,55,3489
1043,2022-11-01,2022-12-29,Баннерная,Telegram,32139,Казань,2452.0,402.0,67,16940
1045,2022-11-01,2022-12-06,Видеореклама,Вконтакте,36879,Казань,3894.0,462.0,66,3942
1046,2022-11-02,2022-12-28,Нативная интеграция,Instagram,20104,Санкт-Петербург,2997.0,832.0,88,6200
1048,2022-11-02,2022-11-15,Баннерная,Яндекс,1095,Екатеринбург,4660.0,603.0,81,7786
1049,2022-11-02,2022-12-12,Баннерная,Вконтакте,34418,Калуга,382.0,191.0,101,7437
1050,2022-11-03,2022-11-29,Нативная интеграция,Telegram,27147,Москва,6526.0,705.0,94,14953
1051,2022-11-03,2022-11-17,Контекстная,Google,38827,Калуга,1866.0,421.0,44,5048
1052,2022-11-03,2022-12-14,Соцсети,Google,8473,Новосибирск,4172.0,731.0,135,10168
1054,2022-11-03,2022-11-30,Поисковая оптимизация,Instagram,13835,Калуга,3637.0,1077.0,134,7353
1055,2022-11-03,2022-12-29,Поисковая оптимизация,Вконтакте,46606,Калуга,1668.0,399.0,62,14861
1057,2022-11-04,2022-11-20,Нативная интеграция,Яндекс,33078,Москва,9691.0,974.0,154,8121
1058,2022-11-05,2022-12-21,Контекстная,Instagram,42062,Нижний Новгород,2468.0,1002.0,114,25720
1060,2022-11-05,2022-12-16,Поисковая оптимизация,Вконтакте,40891,Москва,1136.0,336.0,59,7021
1061,2022-11-06,2022-11-07,Поисковая оптимизация,Вконтакте,40870,Екатеринбург,2932.0,367.0,94,17591
1062,2022-11-06,2022-11-18,Поисковая оптимизация,Instagram,1103,Москва,1646.0,207.0,58,3729
1063,2022-11-06,2022-11-10,Видеореклама,Instagram,39751,Санкт-Петербург,1419.0,1183.0,190,34650
1064,2022-11-06,2022-12-27,Поисковая оптимизация,Вконтакте,36448,Москва,8768.0,1279.0,140,19852
1066,2022-11-07,2022-11-15,Нативная интеграция,Вконтакте,29298,Новосибирск,1208.0,815.0,84,17781
1068,2022-11-07,2022-11-09,Видеореклама,Google,40198,Нижний Новгород,2108.0,562.0,185,33166
1069,2022-11-08,2022-11-20,Нативная интеграция,Вконтакте,47575,Санкт-Петербург,4675.0,551.0,62,4994
1070,2022-11-08,2022-12-08,Соцсети,Вконтакте,27422,Москва,330.0,80.0,23,4853
1071,2022-11-08,2022-12-21,Поисковая оптимизация,Яндекс,15766,Екатеринбург,2710.0,315.0,88,8600
1072,2022-11-08,2022-11-12,Контекстная,Google,25517,Москва,1281.0,538.0,58,6126
1073,2022-11-08,2022-12-23,Видеореклама,Instagram,44519,Калуга,6374.0,686.0,73,12375
1074,2022-11-08,2022-12-22,Поисковая оптимизация,Яндекс,21566,Новосибирск,1482.0,430.0,77,12648
1077,2022-11-09,2022-12-02,Поисковая оптимизация,Google,47862,Санкт-Петербург,891.0,314.0,159,12985
1078,2022-11-10,2022-12-17,Поисковая оптимизация,Instagram,28123,Санкт-Петербург,3083.0,488.0,123,26728
1079,2022-11-10,2022-11-16,Нативная интеграция,Telegram,29592,Казань,3145.0,343.0,44,10000
1080,2022-11-11,2022-11-17,Поисковая оптимизация,Telegram,28482,Калуга,3132.0,358.0,126,30236
1081,2022-11-11,2022-12-22,Видеореклама,Telegram,19003,Москва,6707.0,698.0,87,5905
1082,2022-11-11,2022-12-07,Контекстная,Вконтакте,41246,Нижний Новгород,339.0,52.0,30,2200
1083,2022-11-11,2022-12-17,Нативная интеграция,Google,46881,Калуга,7150.0,814.0,116,7061
1085,2022-11-12,2022-12-09,Видеореклама,Google,29587,Казань,3159.0,775.0,187,25501
1087,2022-11-12,2022-12-13,Нативная интеграция,Google,14871,Новосибирск,942.0,228.0,45,8680
1088,2022-11-14,2022-12-14,Контекстная,Telegram,2819,Екатеринбург,3181.0,386.0,44,8366
1090,2022-11-15,2022-11-15,Видеореклама,Яндекс,3577,Калуга,5847.0,839.0,126,23847
1091,2022-11-15,2022-11-30,Нативная интеграция,Telegram,12486,Казань,4694.0,488.0,165,20193
1092,2022-11-15,2022-12-28,Нативная интеграция,Google,13638,Санкт-Петербург,468.0,70.0,34,1858
1093,2022-11-15,2022-12-20,Баннерная,Telegram,32455,Краснодар,4177.0,556.0,160,19999
1094,2022-11-15,2022-11-20,Соцсети,Вконтакте,10243,Калуга,5689.0,1098.0,181,43693
1095,2022-11-15,2022-11-30,Поисковая оптимизация,Telegram,32727,Казань,14996.0,1635.0,198,13291
1096,2022-11-15,2022-11-24,Соцсети,Яндекс,3656,Екатеринбург,6384.0,1388.0,153,36259
1097,2022-11-15,2022-12-07,Контекстная,Google,20518,Нижний Новгород,1431.0,295.0,148,20133
1099,2022-11-16,2022-11-18,Баннерная,Instagram,47410,Москва,269.0,91.0,15,1973
1100,2022-11-16,2022-12-28,Нативная интеграция,Google,42204,Новосибирск,6387.0,775.0,183,26019
1102,2022-11-16,2022-11-29,Контекстная,Telegram,36103,Москва,2308.0,924.0,165,38563
1104,2022-11-17,2022-12-12,Контекстная,Telegram,27806,Москва,2506.0,746.0,139,11355
1105,2022-11-18,2022-12-06,Баннерная,Google,34639,Екатеринбург,8684.0,1878.0,193,41333
1106,2022-11-19,2022-12-22,Соцсети,Google,25166,Екатеринбург,1034.0,109.0,73,6903
1107,2022-11-19,2022-12-17,Нативная интеграция,Яндекс,34884,Санкт-Петербург,17085.0,1737.0,179,35553
1109,2022-11-20,2022-12-19,Поисковая оптимизация,Яндекс,33414,Новосибирск,691.0,582.0,68,16945
1110,2022-11-20,2022-12-30,Поисковая оптимизация,Telegram,19147,Екатеринбург,1034.0,449.0,79,10149
1111,2022-11-20,2022-12-25,Баннерная,Вконтакте,49735,Калуга,2091.0,224.0,155,30386
1112,2022-11-20,2022-12-05,Поисковая оптимизация,Google,42809,Нижний Новгород,921.0,550.0,91,4740
1113,2022-11-21,2022-11-22,Соцсети,Вконтакте,45404,Екатеринбург,8027.0,1281.0,139,28338
1114,2022-11-21,2022-11-28,Видеореклама,Вконтакте,20580,Екатеринбург,162.0,119.0,16,3138
1115,2022-11-21,2022-12-29,Контекстная,Telegram,10051,Нижний Новгород,11839.0,1280.0,165,15361
1117,2022-11-22,2022-12-04,Баннерная,Instagram,32513,Москва,5592.0,882.0,192,33591
1119,2022-11-22,2022-12-08,Баннерная,Telegram,21612,Калуга,326.0,63.0,28,3258
1120,2022-11-23,2022-12-06,Баннерная,Вконтакте,40528,Екатеринбург,4663.0,586.0,174,17131
1121,2022-11-23,2022-12-09,Видеореклама,Вконтакте,32301,Калуга,4191.0,598.0,131,8463
1122,2022-11-24,2022-12-17,Видеореклама,Instagram,19260,Краснодар,2279.0,1473.0,176,21896
1123,2022-11-24,2022-12-18,Поисковая оптимизация,Instagram,42953,Екатеринбург,1039.0,299.0,50,9224
1125,2022-11-24,2022-12-27,Нативная интеграция,Instagram,40516,Казань,6286.0,811.0,95,13925
1126,2022-11-25,2022-12-17,Поисковая оптимизация,Instagram,21677,Екатеринбург,1902.0,342.0,186,45644
1127,2022-11-25,2022-12-06,Баннерная,Instagram,2356,Санкт-Петербург,5133.0,698.0,167,17520
1128,2022-11-25,2022-12-20,Видеореклама,Telegram,7799,Москва,1299.0,639.0,153,20612
1130,2022-11-25,2022-12-22,Соцсети,Instagram,31404,Казань,2585.0,377.0,69,15081
1131,2022-11-26,2022-12-24,Поисковая оптимизация,Яндекс,11989,Нижний Новгород,6733.0,689.0,99,14677
1132,2022-11-26,2022-12-04,Баннерная,Telegram,3271,Москва,6253.0,1285.0,189,24174
1133,2022-11-28,2022-12-28,Соцсети,Вконтакте,40306,Краснодар,579.0,64.0,19,4825
1134,2022-11-28,2022-12-23,Видеореклама,Вконтакте,21250,Санкт-Петербург,1042.0,243.0,63,5191
1135,2022-11-29,2022-12-17,Видеореклама,Instagram,10960,Новосибирск,5792.0,981.0,183,22476
1136,2022-11-30,2022-12-07,Контекстная,Telegram,11412,Нижний Новгород,2555.0,879.0,88,11179
1137,2022-11-30,2022-12-24,Контекстная,Яндекс,4220,Новосибирск,517.0,401.0,189,43745
1138,2022-11-30,2022-12-25,Видеореклама,Google,3381,Краснодар,2196.0,679.0,77,19163
1141,2022-12-01,2022-12-23,Баннерная,Вконтакте,44903,Калуга,1272.0,961.0,172,29855
1142,2022-12-02,2022-12-18,Контекстная,Instagram,18216,Екатеринбург,776.0,108.0,90,17252
1143,2022-12-02,2022-12-26,Соцсети,Instagram,13318,Новосибирск,12202.0,1617.0,187,40836
1144,2022-12-02,2022-12-04,Видеореклама,Яндекс,7802,Екатеринбург,1239.0,294.0,178,33136
1145,2022-12-02,2022-12-28,Соцсети,Telegram,30630,Москва,3349.0,535.0,185,17430
1146,2022-12-03,2022-12-10,Соцсети,Google,11749,Екатеринбург,546.0,273.0,126,29278
1147,2022-12-03,2022-12-12,Соцсети,Вконтакте,28476,Нижний Новгород,2296.0,561.0,121,15427
1151,2022-12-04,2022-12-21,Соцсети,Instagram,44762,Калуга,7443.0,1171.0,147,31492
1152,2022-12-05,2022-12-26,Контекстная,Вконтакте,47817,Новосибирск,773.0,217.0,102,9529
1153,2022-12-06,2022-12-25,Нативная интеграция,Instagram,37865,Новосибирск,9798.0,1061.0,195,11012
1154,2022-12-06,2022-12-13,Соцсети,Telegram,34301,Москва,690.0,88.0,14,1411
1155,2022-12-06,2022-12-15,Видеореклама,Google,33712,Казань,6303.0,1220.0,138,22919
1159,2022-12-07,2022-12-23,Видеореклама,Вконтакте,32311,Калуга,1098.0,158.0,25,6109
1161,2022-12-08,2022-12-25,Поисковая оптимизация,Вконтакте,33418,Новосибирск,1712.0,235.0,68,16968
1162,2022-12-08,2022-12-12,Соцсети,Вконтакте,42298,Екатеринбург,939.0,119.0,43,2221
1163,2022-12-08,2022-12-25,Поисковая оптимизация,Яндекс,28226,Москва,435.0,391.0,117,25876
1164,2022-12-08,2022-12-28,Баннерная,Яндекс,42700,Москва,1351.0,236.0,76,4210
1165,2022-12-09,2022-12-21,Поисковая оптимизация,Instagram,37590,Москва,2143.0,518.0,120,29206
1166,2022-12-09,2022-12-10,Нативная интеграция,Telegram,11821,Москва,3411.0,625.0,191,36666
1167,2022-12-09,2022-12-12,Нативная интеграция,Instagram,5196,Нижний Новгород,847.0,655.0,192,24631
1169,2022-12-09,2022-12-23,Контекстная,Telegram,27125,Краснодар,829.0,542.0,154,20905
1171,2022-12-10,2022-12-21,Контекстная,Яндекс,42983,Краснодар,722.0,97.0,41,10302
1172,2022-12-11,2022-12-13,Соцсети,Вконтакте,30314,Нижний Новгород,2758.0,305.0,66,11194
1173,2022-12-12,2022-12-15,Нативная интеграция,Instagram,15538,Новосибирск,1467.0,362.0,63,13143
1174,2022-12-12,2022-12-28,Баннерная,Instagram,7468,Новосибирск,551.0,197.0,131,10503
1175,2022-12-12,2022-12-14,Контекстная,Telegram,35663,Москва,13533.0,1731.0,188,20408
1176,2022-12-13,2022-12-16,Нативная интеграция,Яндекс,44981,Екатеринбург,4044.0,472.0,80,12003
1177,2022-12-13,2022-12-19,Видеореклама,Вконтакте,28593,Калуга,12618.0,1369.0,170,39640
1178,2022-12-13,2022-12-20,Видеореклама,Яндекс,34816,Калуга,71.0,8.0,5,375
1179,2022-12-14,2022-12-29,Контекстная,Яндекс,3761,Москва,304.0,87.0,32,7500
1180,2022-12-14,2022-12-19,Видеореклама,Вконтакте,17586,Краснодар,954.0,461.0,107,22411
1181,2022-12-14,2022-12-22,Видеореклама,Google,10641,Санкт-Петербург,10406.0,1468.0,186,30263
1182,2022-12-15,2022-12-29,Видеореклама,Google,48515,Новосибирск,847.0,157.0,73,12247
1183,2022-12-15,2022-12-16,Поисковая оптимизация,Instagram,38209,Краснодар,4662.0,619.0,116,8486
1184,2022-12-15,2022-12-28,Поисковая оптимизация,Instagram,1819,Новосибирск,501.0,106.0,77,14247
1185,2022-12-15,2022-12-20,Нативная интеграция,Instagram,3558,Казань,2912.0,458.0,118,18299
1187,2022-12-16,2022-12-25,Нативная интеграция,Telegram,16419,Калуга,921.0,527.0,184,43605
1190,2022-12-17,2022-12-19,Видеореклама,Google,7637,Санкт-Петербург,7470.0,775.0,178,30860
1191,2022-12-17,2022-12-21,Видеореклама,Google,9642,Санкт-Петербург,81.0,31.0,27,5985
1192,2022-12-17,2022-12-18,Контекстная,Telegram,38133,Новосибирск,3642.0,424.0,50,4465
1194,2022-12-17,2022-12-20,Соцсети,Google,34846,Нижний Новгород,1240.0,183.0,51,6703
1195,2022-12-18,2022-12-20,Баннерная,Вконтакте,48082,Новосибирск,511.0,76.0,17,3401
1197,2022-12-18,2022-12-25,Контекстная,Google,1523,Калуга,645.0,637.0,160,38683
1198,2022-12-18,2022-12-26,Контекстная,Telegram,12789,Краснодар,337.0,178.0,21,1778
1199,2022-12-18,2022-12-22,Контекстная,Google,8649,Казань,4328.0,921.0,106,19661
1200,2022-12-19,2022-12-29,Нативная интеграция,Google,27940,Калуга,2814.0,746.0,77,14855
1201,2022-12-19,2022-12-28,Контекстная,Яндекс,16282,Санкт-Петербург,3703.0,488.0,60,5759
1202,2022-12-19,2022-12-28,Поисковая оптимизация,Telegram,18738,Казань,2939.0,807.0,115,22470
1203,2022-12-20,2022-12-23,Видеореклама,Яндекс,30230,Санкт-Петербург,3503.0,874.0,183,33062
1204,2022-12-20,2022-12-20,Нативная интеграция,Вконтакте,42029,Казань,1455.0,809.0,96,9346
1205,2022-12-20,2022-12-28,Поисковая оптимизация,Яндекс,48878,Санкт-Петербург,4710.0,772.0,87,11415
1206,2022-12-20,2022-12-20,Видеореклама,Яндекс,22080,Москва,2096.0,644.0,128,30029
1208,2022-12-21,2022-12-26,Нативная интеграция,Telegram,9354,Москва,533.0,124.0,36,2689
1210,2022-12-21,2022-12-30,Соцсети,Яндекс,29285,Калуга,1209.0,404.0,90,5871
1212,2022-12-21,2022-12-23,Баннерная,Google,3933,Екатеринбург,1911.0,348.0,111,25985
1213,2022-12-22,2022-12-24,Контекстная,Telegram,28175,Новосибирск,1136.0,352.0,63,12062
1214,2022-12-22,2022-12-28,Видеореклама,Google,44819,Екатеринбург,1442.0,695.0,162,34159
1215,2022-12-23,2022-12-23,Видеореклама,Вконтакте,42350,Екатеринбург,6913.0,934.0,149,14900
1217,2022-12-23,2022-12-27,Поисковая оптимизация,Google,48775,Екатеринбург,2865.0,479.0,61,12382
1218,2022-12-23,2022-12-23,Контекстная,Вконтакте,46565,Санкт-Петербург,3780.0,658.0,99,6465
1219,2022-12-24,2022-12-24,Соцсети,Яндекс,19593,Новосибирск,2731.0,547.0,77,18928
1220,2022-12-25,2022-12-25,Видеореклама,Яндекс,26449,Екатеринбург,4216.0,461.0,65,11964
1221,2022-12-25,2022-12-30,Соцсети,Telegram,41625,Краснодар,1076.0,721.0,136,16933
1222,2022-12-25,2022-12-26,Поисковая оптимизация,Яндекс,32422,Новосибирск,4194.0,1529.0,192,19254
1223,2022-12-25,2022-12-25,Нативная интеграция,Instagram,18557,Санкт-Петербург,1648.0,342.0,47,6329
1224,2022-12-25,2022-12-27,Видеореклама,Вконтакте,29016,Калуга,2335.0,233.0,128,11847
1225,2022-12-25,2022-12-30,Баннерная,Вконтакте,16908,Новосибирск,2480.0,364.0,49,11876
1227,2022-12-26,2022-12-29,Нативная интеграция,Яндекс,44374,Москва,7974.0,1033.0,137,18838
1228,2022-12-26,2022-12-28,Поисковая оптимизация,Вконтакте,26105,Екатеринбург,424.0,218.0,81,20086
1231,2022-12-26,2022-12-26,Нативная интеграция,Instagram,25231,Москва,13181.0,1523.0,194,22011
1232,2022-12-26,2022-12-27,Контекстная,Google,30134,Москва,7613.0,1106.0,133,19417
1234,2022-12-26,2022-12-26,Контекстная,Google,3742,Новосибирск,2880.0,865.0,99,14833
1235,2022-12-27,2022-12-29,Поисковая оптимизация,Telegram,47464,Калуга,3475.0,1573.0,199,32760
1237,2022-12-27,2022-12-27,Поисковая оптимизация,Вконтакте,21300,Краснодар,1691.0,282.0,148,8182
1238,2022-12-28,2022-12-29,Поисковая оптимизация,Telegram,27965,Краснодар,263.0,29.0,8,662
1240,2022-12-28,2022-12-29,Видеореклама,Instagram,24525,Калуга,5610.0,732.0,93,12208
1241,2022-12-28,2022-12-29,Нативная интеграция,Telegram,2904,Екатеринбург,937.0,199.0,44,2839
1243,2022-12-28,2022-12-30,Нативная интеграция,Telegram,27913,Казань,9309.0,1280.0,128,30575
1245,2022-12-29,2022-12-29,Поисковая оптимизация,Google,23648,Новосибирск,854.0,252.0,71,17632
1246,2022-12-30,2022-12-30,Баннерная,Telegram,1909,Екатеринбург,848.0,228.0,31,4298